Time,Latitude,Longitude,Depth/Km,Magnitude,MagType
1985-01-07 20:14:45.970,37.672,15.513,85.2,2.8,Md
1985-01-07 21:23:35.650,37.539,15.579,75.4,2.6,Md
1985-01-21 11:55:31.710,38.561,15.47,215.1,3.4,Md
1985-01-25 23:33:12.210,39.135,16.0,99.7,3.1,Md
1985-02-19 12:40:55.930,39.307,15.617,321.9,3.8,ML
1985-03-09 14:23:17.050,36.869,15.979,128.4,3.3,ML
1985-04-24 11:30:23.430,38.882,15.657,200.2,4.0,mb
1985-05-20 20:11:43.620,38.721,14.704,230.4,4.2,mb
1985-07-04 16:46:07.440,39.895,15.881,323.6,2.7,ML
1985-07-14 12:14:50.790,39.875,16.425,90.1,2.8,Md
1985-07-19 00:25:48.530,39.796,13.761,611.4,4.9,mb
1985-07-24 10:21:03.040,39.131,15.59,260.1,3.8,mb
1985-11-11 03:11:56.570,37.585,14.997,94.7,2.6,Md
1985-12-21 12:14:13.070,37.882,14.518,86.6,2.5,Md
1986-01-08 06:09:11.750,42.544,15.677,100.0,3.2,Md
1986-01-08 15:04:41.710,39.319,15.646,344.3,4.4,M
1986-01-13 20:05:07.160,40.952,13.855,216.0,2.7,Md
1986-01-25 16:38:13.980,37.485,15.167,93.9,2.6,Md
1986-02-01 15:24:42.130,37.39,15.404,73.9,2.6,Md
1986-03-02 06:07:16.540,38.626,15.063,124.4,2.5,Md
1986-03-05 12:16:57.120,38.703,14.785,258.5,3.2,M
1986-03-09 14:27:23.100,38.358,15.175,80.4,2.8,Md
1986-03-10 16:03:38.990,39.806,13.733,581.4,4.9,M
1986-03-24 19:07:43.330,38.906,15.238,214.3,2.7,Md
1986-04-01 03:55:55.720,39.173,15.561,282.0,4.5,M
1986-08-08 09:16:25.880,38.155,14.888,97.7,3.1,Md
1986-08-08 14:48:48.280,38.07,14.871,100.7,2.6,Md
1986-08-11 22:49:05.250,39.173,15.405,291.9,3.7,ML
1986-08-15 15:15:35.000,39.639,15.625,254.5,4.0,ML
1986-08-19 05:42:12.520,39.025,15.496,160.1,2.9,M
1986-08-23 19:07:02.540,38.59,15.354,158.9,3.6,ML
1986-08-30 22:33:19.980,38.391,15.269,152.1,3.6,ML
1986-09-01 01:02:59.310,38.291,15.332,180.0,4.2,mb
1986-09-08 22:21:11.450,39.417,15.763,270.6,4.1,mb
1986-09-15 19:56:36.590,38.865,15.413,247.5,3.4,ML
1986-09-17 00:00:57.920,38.319,15.381,129.4,2.5,ML
1986-09-19 12:36:48.850,39.377,15.904,105.4,3.8,ML
1986-09-27 18:08:11.390,38.728,15.303,146.1,3.5,ML
1986-10-06 01:12:28.230,38.328,15.365,114.9,2.6,Md
1986-10-09 03:15:00.780,39.02,15.903,108.1,3.1,Md
1986-10-16 03:41:18.580,39.132,15.861,70.9,2.6,Md
1986-10-16 03:43:47.680,39.164,16.129,73.1,2.6,Md
1986-10-20 19:18:54.840,39.177,15.694,272.7,3.7,mb
1986-10-25 09:26:17.010,38.571,15.388,102.8,2.7,Md
1986-10-25 14:35:21.250,38.708,16.274,114.2,2.8,Md
1986-11-09 17:41:07.060,38.755,15.836,187.9,3.8,mb
1986-11-21 01:36:34.400,39.395,15.572,289.7,3.3,M
1986-11-30 03:19:08.150,38.508,15.004,262.9,4.7,mb
1986-12-03 03:15:12.170,38.682,15.058,145.3,2.7,Md
1986-12-05 20:27:45.130,39.192,14.002,93.0,2.7,M
1986-12-25 09:00:27.600,39.691,16.195,459.2,3.2,M
1986-12-25 17:25:57.300,39.954,15.735,317.4,3.3,M
1986-12-26 08:35:05.470,39.589,15.703,289.1,2.9,M
1987-01-29 08:06:47.240,39.048,14.815,266.8,2.7,Md
1987-02-10 15:05:02.450,38.851,15.634,245.4,3.0,M
1987-03-15 08:52:44.130,39.987,15.385,360.3,3.1,Md
1987-03-29 14:22:43.780,38.591,15.781,177.6,2.8,Md
1987-04-04 17:38:18.350,38.973,15.722,211.0,3.3,Md
1987-04-27 14:24:57.670,38.733,15.813,98.7,2.9,Md
1987-05-24 13:13:50.840,39.445,15.146,352.9,3.3,ML
1987-05-25 00:25:10.360,37.13,12.976,132.0,2.5,Md
1987-06-15 20:20:45.170,39.67,15.366,317.8,2.9,M
1987-07-05 13:03:51.450,38.767,15.426,108.7,3.0,ML
1987-07-18 17:00:58.700,39.621,14.813,254.3,3.0,Md
1987-07-21 22:39:16.720,38.312,15.252,122.8,3.0,Md
1987-09-05 06:54:12.320,39.721,15.19,293.7,2.5,Md
1987-09-24 03:18:07.400,38.286,15.574,137.4,3.1,Md
1987-09-28 05:30:31.480,38.723,15.322,148.4,2.7,Md
1987-10-17 02:45:45.620,38.935,15.469,147.9,2.6,Md
1987-10-27 18:20:28.310,39.642,15.899,310.6,3.1,Md
1987-10-28 01:07:14.550,39.428,14.182,204.2,2.5,Md
1987-11-07 21:47:52.090,38.82,15.89,219.4,2.7,Md
1987-11-08 07:24:07.060,38.807,15.571,73.9,2.6,Md
1987-12-15 07:35:42.180,39.052,15.612,241.7,3.1,Md
1987-12-18 04:31:28.190,38.602,15.416,236.0,3.0,Md
1987-12-26 23:07:11.420,38.571,15.681,83.2,2.8,Md
1988-01-05 11:46:42.780,39.207,15.583,292.2,2.5,Md
1988-02-23 03:43:29.830,38.611,15.475,158.1,2.7,Md
1988-03-08 19:02:43.770,39.727,15.538,292.0,3.2,Md
1988-03-12 13:38:03.770,38.843,15.48,100.0,2.5,Md
1988-03-25 05:15:07.030,39.255,15.304,161.4,2.5,Md
1988-03-30 18:11:29.300,38.702,15.586,98.8,2.8,Md
1988-03-30 22:28:30.330,38.917,14.674,354.1,2.8,Md
1988-05-02 13:51:06.130,38.816,15.614,140.7,2.7,Md
1988-05-16 02:55:43.720,38.787,15.289,124.0,2.6,Md
1988-05-24 23:16:50.290,38.969,15.54,136.6,2.6,Md
1988-05-29 12:37:13.040,38.41,15.402,103.1,2.8,Md
1988-05-30 20:34:30.340,38.411,15.405,91.2,2.8,Md
1988-05-31 10:27:33.960,38.594,15.296,131.0,2.7,Md
1988-05-31 23:22:36.390,39.023,15.585,85.1,2.6,Md
1988-07-07 15:27:31.520,39.039,15.288,265.9,2.7,Md
1988-07-15 18:52:54.550,38.361,15.372,120.8,2.8,Md
1988-07-20 17:58:19.840,38.222,15.378,121.8,2.5,Md
1988-07-21 04:35:29.790,38.426,15.619,166.5,2.8,Md
1988-07-23 17:58:47.720,38.669,15.741,102.7,3.3,Md
1988-08-04 03:57:17.660,39.184,14.651,456.1,3.4,Md
1988-08-07 11:39:22.640,38.62,15.519,161.3,2.7,Md
1988-08-09 22:42:17.730,38.418,15.462,130.2,2.6,Md
1988-08-10 17:06:34.130,38.279,14.879,157.4,2.6,Md
1988-08-12 12:31:58.730,38.452,15.364,188.5,2.7,Md
1988-08-12 22:14:19.870,38.603,15.535,158.1,2.6,Md
1988-08-14 22:25:37.230,38.695,14.863,263.7,2.7,Md
1988-08-24 02:48:42.170,38.432,15.504,75.4,2.5,Md
1988-08-24 10:52:02.060,39.235,15.58,196.5,2.9,Md
1988-08-29 03:05:48.610,38.34,15.445,118.0,2.8,Md
1988-09-07 06:01:36.560,39.256,15.657,217.7,2.6,Md
1988-10-01 14:18:51.690,39.557,15.625,288.6,2.8,Md
1988-10-15 05:14:36.140,39.317,15.541,307.2,2.5,Md
1988-10-24 08:44:08.050,38.633,15.49,154.1,2.6,Md
1988-10-30 18:31:08.980,38.764,14.959,115.2,2.6,Md
1988-11-02 16:37:18.330,39.251,15.255,238.8,2.8,Md
1988-11-19 19:27:44.510,39.149,15.23,128.9,2.6,Md
1988-12-18 20:49:59.620,39.213,15.485,278.3,2.8,Md
1988-12-18 22:36:25.130,38.961,15.569,117.7,2.6,Md
1989-01-14 12:01:21.910,37.642,15.037,100.0,2.6,Md
1989-02-09 06:59:14.790,39.022,15.66,152.6,2.6,Md
1989-03-07 10:12:22.300,39.114,15.659,83.9,2.7,Md
1989-03-10 23:31:24.670,39.304,15.703,87.0,2.5,Md
1989-03-18 18:07:39.770,39.992,15.153,369.7,2.9,Md
1989-03-27 13:26:36.980,39.558,15.342,271.8,2.8,Md
1989-03-30 18:22:53.870,39.7,15.483,296.9,3.0,Md
1989-04-06 03:30:21.300,38.465,15.438,167.2,2.5,Md
1989-04-22 23:11:47.670,38.431,15.429,155.5,2.8,Md
1989-05-28 03:49:37.090,38.97,15.205,265.3,2.7,Md
1989-06-04 17:47:17.220,38.396,15.457,111.2,2.6,Md
1989-06-12 11:32:40.180,38.686,15.388,110.7,2.7,Md
1989-06-18 23:09:49.930,38.791,15.754,98.6,2.7,Md
1989-06-21 21:57:25.110,38.8,15.513,217.0,3.0,Md
1989-06-26 02:27:17.540,37.97,16.629,81.8,3.0,Md
1989-06-28 20:28:34.870,39.03,15.232,249.8,3.0,Md
1989-07-01 09:25:30.980,39.044,15.687,212.0,2.8,Md
1989-07-09 15:41:26.970,39.567,15.814,82.0,2.5,Md
1989-07-21 12:47:28.750,38.769,15.09,225.0,2.9,Md
1989-07-25 01:47:11.570,38.357,15.497,129.7,2.7,Md
1989-07-26 03:51:37.000,38.328,15.475,123.2,2.5,Md
1989-08-09 03:24:34.990,39.102,15.371,315.2,3.1,Md
1989-09-01 16:08:47.230,38.362,15.016,110.9,2.7,Md
1989-09-08 12:41:06.230,38.459,15.426,88.1,2.6,Md
1989-09-09 16:21:38.240,38.797,15.611,111.9,2.5,Md
1989-09-16 02:10:02.770,38.391,15.271,106.6,2.6,Md
1989-09-27 02:20:50.080,39.086,15.827,86.0,2.8,Md
1989-09-28 13:41:30.140,39.314,15.159,250.8,2.6,Md
1989-10-31 20:32:14.070,38.946,15.796,189.1,2.5,Md
1989-11-05 11:12:57.330,38.648,15.414,159.6,2.5,Md
1989-11-11 06:47:40.590,38.324,15.393,124.9,2.8,Md
1989-11-29 00:43:53.310,39.48,15.672,248.4,2.7,Md
1989-12-10 17:50:29.240,39.019,15.866,176.1,2.7,Md
1989-12-17 04:02:57.080,38.694,15.04,151.7,2.6,Md
1989-12-28 03:58:25.790,38.671,15.414,142.7,2.5,Md
1989-12-28 19:16:06.540,38.898,14.67,252.8,2.7,Md
1990-01-13 20:33:05.940,39.161,14.504,187.5,2.5,Md
1990-01-20 23:16:28.620,39.216,15.378,275.2,2.6,Md
1990-01-21 03:37:40.280,38.485,15.506,87.6,2.5,Md
1990-01-28 01:45:39.830,39.277,15.656,227.5,2.7,Md
1990-01-28 14:52:34.280,39.114,15.438,294.1,2.5,Md
1990-02-11 06:23:17.550,39.366,15.456,283.6,2.8,Md
1990-02-15 04:56:13.250,38.728,15.276,257.7,3.4,Md
1990-02-20 06:26:07.300,38.64,15.472,153.3,2.8,Md
1990-03-10 18:16:16.920,38.678,15.062,262.3,3.0,Md
1990-03-10 23:30:37.010,38.669,15.569,144.0,2.6,Md
1990-03-16 03:18:56.340,38.384,15.214,91.3,2.6,Md
1990-03-18 01:52:38.160,38.621,15.697,127.9,2.6,Md
1990-03-18 22:13:53.200,39.011,15.536,281.0,3.3,Md
1990-03-20 06:16:23.810,39.089,15.906,205.3,3.1,Md
1990-03-21 03:21:57.300,38.713,15.472,109.9,2.6,Md
1990-03-23 12:00:18.680,39.18,15.206,300.4,2.9,Md
1990-03-25 18:23:25.410,39.201,15.199,285.1,2.8,Md
1990-03-29 04:17:41.640,39.713,15.479,218.7,2.7,Md
1990-05-02 22:03:42.200,39.048,15.469,152.8,2.7,Md
1990-05-03 11:21:11.130,38.451,15.552,95.6,2.6,Md
1990-05-04 06:57:42.460,38.914,15.799,100.1,3.5,Md
1990-05-08 18:18:32.360,38.468,15.457,171.8,2.8,Md
1990-05-17 03:48:43.960,38.762,15.199,140.1,2.5,Md
1990-05-18 01:38:50.670,38.398,15.207,169.7,2.9,Md
1990-06-10 09:25:05.410,39.485,15.544,234.8,2.8,Md
1990-06-22 17:22:21.180,38.63,15.251,159.8,3.1,Md
1990-06-24 23:02:29.980,38.252,14.859,124.0,3.0,Md
1990-06-25 22:36:06.120,38.941,15.553,149.7,2.5,Md
1990-07-03 15:28:21.280,38.416,15.278,107.8,2.7,Md
1990-07-22 02:59:30.420,38.698,15.293,127.3,2.9,Md
1990-08-01 20:33:15.560,38.773,14.993,329.8,3.4,Md
1990-08-22 16:00:08.840,38.324,15.384,119.3,2.6,Md
1990-08-26 02:19:45.070,38.785,15.659,129.0,2.8,Md
1990-08-27 06:51:51.440,38.402,16.065,86.2,2.7,Md
1990-08-29 10:44:06.960,39.177,15.057,89.5,2.7,Md
1990-09-21 10:31:12.070,39.212,15.368,127.7,2.6,Md
1990-10-01 03:01:25.310,38.644,15.418,157.0,2.8,Md
1990-10-12 09:40:30.410,38.555,15.71,112.5,2.7,Md
1990-11-04 22:47:15.140,38.366,15.149,149.8,2.6,Md
1990-11-10 07:19:17.420,39.104,15.489,260.2,2.6,Md
1990-11-14 00:30:43.560,38.445,15.262,100.1,2.5,Md
1990-11-29 08:30:07.580,39.961,15.748,293.6,3.3,Md
1990-12-12 19:55:25.910,38.936,15.372,189.3,2.7,Md
1990-12-14 03:21:23.560,39.306,15.534,296.7,3.8,Md
1990-12-20 00:51:44.990,38.51,15.37,138.2,2.6,Md
1990-12-23 19:16:37.520,38.633,15.705,111.9,3.0,Md
1991-01-10 02:13:57.030,39.572,15.937,99.1,2.6,Md
1991-01-12 13:18:32.530,39.291,15.408,268.0,3.0,Md
1991-01-16 19:19:39.610,39.449,15.663,105.0,2.6,Md
1991-01-24 04:38:56.990,38.609,15.418,164.2,2.6,Md
1991-01-29 18:21:59.540,39.104,17.45,119.9,3.1,Md
1991-02-03 16:45:43.340,38.967,15.106,285.7,2.7,Md
1991-02-03 21:29:58.410,38.319,15.593,139.8,2.7,Md
1991-02-14 02:20:46.410,38.711,15.602,141.3,2.7,Md
1991-02-26 07:25:40.000,40.13,13.814,446.6,3.7,Md
1991-02-27 23:08:55.570,38.827,15.074,286.8,2.6,Md
1991-03-23 15:43:42.640,39.073,15.033,239.6,2.7,Md
1991-03-29 13:37:10.240,38.821,15.719,131.1,2.6,Md
1991-04-16 02:21:45.080,38.967,14.424,94.4,2.6,Md
1991-04-20 04:55:51.870,39.067,15.516,240.5,2.6,Md
1991-04-20 17:07:55.510,38.434,15.507,135.0,2.6,Md
1991-04-27 00:56:59.490,38.671,15.835,92.0,3.1,Md
1991-05-04 05:52:07.630,38.71,14.936,271.5,2.6,Md
1991-05-15 08:45:49.130,38.628,15.467,175.4,2.6,Md
1991-05-18 10:08:23.140,38.399,15.484,89.0,2.9,Md
1991-05-24 07:19:15.420,38.679,15.307,179.3,2.7,Md
1991-06-01 02:22:52.450,38.667,14.787,310.4,2.7,Md
1991-06-02 17:57:37.940,38.539,15.502,88.6,2.5,Md
1991-06-17 21:51:34.730,38.789,15.561,129.8,2.6,Md
1991-06-26 13:23:16.250,38.913,14.993,243.7,2.7,Md
1991-06-30 03:17:15.610,39.784,10.97,94.9,3.4,Md
1991-07-17 08:26:04.520,38.643,14.672,210.4,2.9,Md
1991-07-30 01:09:15.830,39.062,15.518,241.7,2.8,Md
1991-07-30 04:21:58.740,38.86,15.768,134.0,2.6,Md
1991-08-22 09:44:36.200,38.631,14.09,81.6,2.6,Md
1991-08-27 22:03:22.530,38.625,14.651,335.0,2.6,ML
1991-09-10 10:56:48.420,38.941,15.285,257.0,2.8,Md
1991-09-27 13:57:52.800,38.905,15.762,206.1,2.6,Md
1991-09-28 12:32:06.670,38.649,15.246,261.5,2.6,Md
1991-10-06 19:50:33.780,38.344,15.286,118.2,2.5,Md
1991-10-15 08:27:56.530,38.285,15.275,121.4,2.5,Md
1991-10-17 18:32:51.950,38.755,15.685,141.4,2.5,Md
1991-11-02 16:38:27.050,38.503,17.412,70.2,3.7,M
1991-11-17 08:09:30.220,39.31,15.639,284.5,2.6,Md
1991-11-30 04:20:35.350,40.378,14.409,342.6,2.9,Md
1992-01-04 23:35:18.220,38.917,15.895,181.8,2.6,Md
1992-01-11 09:38:00.350,38.411,16.156,75.3,2.6,Md
1992-01-18 19:14:13.240,39.851,16.158,83.1,2.8,Md
1992-02-05 22:40:05.890,39.306,14.547,407.9,2.9,Md
1992-02-09 14:00:12.820,38.596,15.426,126.6,2.6,Md
1992-02-09 18:58:49.450,39.238,15.144,331.2,3.1,Md
1992-02-09 19:18:50.050,37.64,13.713,78.2,2.6,Md
1992-02-24 16:13:07.610,37.689,16.191,74.5,2.6,Md
1992-03-04 19:09:30.980,38.93,15.598,127.9,2.7,Md
1992-03-05 19:38:01.200,38.643,15.564,144.4,2.5,Md
1992-03-07 15:57:23.770,39.082,15.453,191.1,2.6,Md
1992-03-12 07:22:55.970,38.425,15.207,151.3,3.0,Md
1992-03-21 20:24:15.940,38.762,15.064,226.6,2.5,Md
1992-03-23 06:51:29.220,38.551,16.455,102.4,3.3,Md
1992-04-01 22:13:29.840,40.324,15.325,332.0,2.5,Md
1992-04-07 22:02:05.510,38.526,15.458,105.5,2.5,Md
1992-04-23 18:19:28.670,38.625,15.62,141.8,2.8,Md
1992-04-25 12:46:15.690,38.564,15.014,244.1,4.3,Md
1992-04-25 13:00:38.660,38.661,15.023,171.4,2.5,Md
1992-04-26 23:28:42.980,38.622,14.75,255.7,2.8,Md
1992-04-30 00:36:20.580,38.332,15.462,122.4,2.9,Md
1992-05-06 02:42:31.100,39.165,15.631,271.7,2.7,Md
1992-05-11 09:20:44.400,38.508,15.49,104.4,2.5,Md
1992-05-22 18:49:46.610,39.7,14.92,400.0,2.9,Md
1992-05-22 18:59:58.850,39.713,14.895,398.2,2.6,Md
1992-05-31 00:44:05.490,38.675,15.111,206.9,2.5,Md
1992-06-25 21:27:33.300,38.654,15.155,265.5,3.3,Md
1992-07-10 04:24:12.030,38.855,15.816,171.7,2.5,Md
1992-07-14 23:24:30.350,38.785,14.951,247.2,2.6,Md
1992-07-29 20:07:04.170,38.482,15.518,88.3,2.5,Md
1992-08-02 20:50:41.950,38.558,14.933,257.3,2.6,Md
1992-08-03 15:18:45.600,39.043,15.72,76.7,2.7,Md
1992-08-04 21:54:33.090,39.469,15.516,295.2,3.3,Md
1992-08-06 23:45:32.950,38.425,15.579,81.8,2.7,Md
1992-08-11 23:35:46.950,38.67,15.105,188.5,2.6,Md
1992-08-16 04:47:47.830,38.966,15.675,209.1,2.5,Md
1992-09-08 12:53:15.220,38.557,15.532,146.4,2.5,Md
1992-09-09 23:21:16.960,40.34,15.084,308.0,2.9,Md
1992-09-13 05:36:26.120,39.311,15.729,213.0,2.7,Md
1992-09-23 14:41:53.740,38.255,15.666,131.5,3.1,Md
1992-09-29 05:31:43.400,39.228,15.602,288.5,2.6,Md
1992-10-24 01:46:56.190,38.374,15.165,107.7,2.5,Md
1992-10-29 16:49:07.210,38.693,15.39,160.9,2.8,Md
1992-10-31 13:47:17.600,38.887,15.358,252.2,2.5,Md
1992-11-05 18:47:35.570,38.235,17.607,95.8,2.9,Md
1992-11-24 03:48:00.970,38.139,17.669,130.4,3.9,Md
1992-11-24 20:21:56.820,39.847,16.633,384.3,3.2,Md
1992-11-27 19:41:07.730,38.988,15.132,254.4,2.6,Md
1992-12-15 21:47:01.480,38.531,15.553,96.1,2.6,Md
1992-12-23 09:59:13.180,38.608,15.542,101.5,2.7,Md
1992-12-26 06:46:41.540,38.346,15.453,120.3,2.6,Md
1993-01-26 18:08:56.710,39.954,15.595,340.4,2.5,Md
1993-02-09 00:48:42.320,38.745,15.007,317.7,2.8,Md
1993-02-18 00:15:56.910,38.665,15.669,148.6,2.6,Md
1993-02-20 10:25:58.110,39.082,15.396,314.3,2.8,Md
1993-03-04 07:13:54.600,39.675,16.062,82.4,3.0,Md
1993-03-12 20:20:30.640,38.715,15.76,114.8,2.6,Md
1993-03-27 09:37:19.480,38.627,15.577,178.1,2.7,Md
1993-03-30 14:04:39.800,38.329,15.283,164.2,2.6,Md
1993-04-06 20:08:49.530,38.279,15.641,110.2,2.6,Md
1993-04-07 03:40:44.730,38.125,15.989,70.3,2.9,Md
1993-04-21 05:16:50.230,38.709,15.617,136.3,2.6,Md
1993-05-03 13:02:41.560,39.21,15.717,279.8,2.6,Md
1993-05-08 14:21:07.550,38.706,15.453,111.8,2.7,Md
1993-05-09 01:28:08.170,39.013,15.916,111.7,3.7,Md
1993-06-09 06:08:29.070,38.641,16.298,151.6,2.5,Md
1993-06-09 21:50:32.380,38.287,15.536,133.7,2.7,Md
1993-06-18 12:58:17.280,38.66,12.597,72.1,2.8,Md
1993-06-20 14:02:04.740,38.977,15.286,272.8,2.7,Md
1993-06-30 00:04:11.380,38.822,15.809,104.7,2.9,Md
1993-06-30 13:10:36.590,38.529,15.093,134.7,2.6,Md
1993-07-03 02:09:20.700,38.937,15.526,147.1,2.6,Md
1993-07-07 20:25:29.550,38.912,14.771,151.3,2.8,Md
1993-07-10 01:04:35.890,38.948,15.553,124.9,2.5,Md
1993-07-15 20:54:58.740,38.431,15.532,172.1,2.7,Md
1993-07-16 15:06:30.370,38.708,14.792,292.3,2.8,Md
1993-07-20 13:10:11.900,39.064,15.096,198.6,2.7,Md
1993-07-26 22:01:10.380,38.254,14.45,174.5,2.5,Md
1993-07-28 04:11:21.110,38.9,15.586,141.2,2.5,Md
1993-08-06 15:36:28.390,38.849,15.846,188.7,2.5,Md
1993-08-08 13:57:40.860,38.647,15.767,174.5,2.6,Md
1993-08-12 18:46:15.380,38.508,15.204,144.7,2.6,Md
1993-08-15 00:23:57.750,38.831,15.798,184.9,2.7,Md
1993-08-22 21:41:43.170,38.881,15.869,156.6,2.8,Md
1993-08-31 00:16:41.050,39.979,15.221,340.4,3.4,Md
1993-09-06 07:40:13.000,38.23,15.271,121.8,2.9,Md
1993-09-12 14:41:02.320,38.324,15.349,121.4,2.8,Md
1993-09-14 20:48:07.650,38.933,15.606,112.2,2.6,Md
1993-09-17 20:00:22.660,38.871,15.895,177.2,2.9,Md
1993-09-17 22:34:53.980,38.388,15.688,145.6,2.8,Md
1993-09-20 01:47:12.240,38.892,16.014,185.6,2.8,Md
1993-09-26 10:02:24.440,38.816,15.484,208.8,2.7,Md
1993-10-16 06:00:17.490,38.869,15.865,179.7,2.7,Md
1993-10-31 03:49:54.070,39.019,15.336,289.1,2.9,Md
1993-11-05 15:31:26.340,38.985,15.213,210.6,2.5,Md
1993-11-09 20:38:25.480,38.969,15.09,254.3,2.6,Md
1993-11-21 11:27:34.110,38.67,15.233,249.2,2.7,Md
1993-11-27 13:26:42.380,38.803,14.982,304.1,3.5,Md
1993-11-28 10:24:34.300,38.848,15.861,177.9,2.5,Md
1993-12-29 12:45:22.430,39.737,16.004,282.2,3.5,Md
1993-12-29 12:54:54.760,38.594,15.699,198.7,2.5,Md
1993-12-30 09:41:49.330,38.824,15.887,207.8,2.8,Md
1994-01-01 01:08:08.640,38.495,15.409,73.3,2.6,Md
1994-01-05 13:24:05.130,39.064,15.225,339.5,4.8,Md
1994-01-06 12:28:55.170,39.588,15.565,323.3,3.2,Md
1994-01-16 23:53:21.720,39.708,15.871,297.2,2.9,Md
1994-01-21 19:34:37.150,39.354,15.581,289.6,3.2,Md
1994-02-09 00:03:39.910,38.873,15.997,174.5,2.5,Md
1994-02-14 06:16:52.170,38.284,15.546,134.0,2.9,Md
1994-02-27 12:20:59.170,38.883,15.923,177.9,2.5,Md
1994-03-16 14:49:23.050,38.259,14.681,187.8,2.9,Md
1994-03-21 21:40:59.640,39.674,15.726,289.8,4.1,Md
1994-03-24 15:22:16.960,38.31,15.301,127.9,2.5,Md
1994-03-30 05:48:11.020,39.804,15.702,298.4,2.8,Md
1994-04-21 11:00:39.540,39.065,15.222,204.6,2.5,Md
1994-04-25 23:51:05.200,38.62,15.597,173.0,2.9,Md
1994-04-26 23:32:36.850,38.674,15.37,229.0,2.7,Md
1994-05-03 06:30:16.370,38.524,15.429,106.8,2.5,Md
1994-05-03 08:27:26.130,39.16,15.01,349.1,2.8,Md
1994-05-16 21:43:11.410,38.846,15.695,168.3,2.6,Md
1994-05-21 11:34:52.000,38.91,15.663,156.6,2.7,Md
1994-05-22 11:23:10.680,38.653,15.383,140.0,2.9,Md
1994-05-24 12:06:48.280,38.67,15.392,120.3,2.9,Md
1994-05-26 17:44:25.130,38.756,14.6,339.2,2.8,Md
1994-06-01 12:32:26.920,38.737,15.618,108.1,2.7,Md
1994-06-01 15:08:22.280,38.726,16.958,97.6,3.1,Md
1994-06-12 03:26:15.530,38.662,15.38,132.9,3.1,Md
1994-06-24 04:34:49.000,38.553,15.588,80.8,2.6,Md
1994-06-27 10:59:23.160,38.906,15.838,78.3,2.6,Md
1994-07-02 04:18:58.600,38.342,15.136,133.9,2.6,Md
1994-07-20 22:07:23.980,38.453,15.571,242.2,2.6,Md
1994-08-09 20:51:40.760,38.486,15.353,122.5,2.6,Md
1994-08-10 02:52:55.340,38.535,15.198,239.6,2.6,Md
1994-08-10 23:29:10.040,38.362,15.786,150.4,2.6,Md
1994-08-14 07:46:04.760,39.13,15.03,292.8,2.8,Md
1994-09-08 01:02:38.330,38.302,15.415,137.4,2.5,Md
1994-09-11 01:44:50.650,39.523,15.56,292.0,2.9,Md
1994-09-12 18:51:18.910,38.613,16.151,101.1,2.9,Md
1994-09-18 23:30:45.520,38.905,15.873,165.3,2.6,Md
1994-09-22 02:07:32.860,38.872,15.919,177.4,2.6,Md
1994-09-25 23:53:23.970,38.596,15.621,300.3,3.0,Md
1994-10-21 13:15:06.540,38.72,15.593,157.2,2.7,Md
1994-10-24 07:04:05.120,38.873,15.657,164.9,2.8,Md
1994-10-31 01:56:23.090,38.292,15.261,134.8,2.6,Md
1994-11-15 14:19:41.820,38.884,15.682,169.5,2.5,Md
1994-11-18 13:18:42.690,38.506,14.843,291.6,2.5,Md
1994-11-23 19:42:38.210,38.614,15.406,144.9,2.6,Md
1994-11-26 14:15:49.050,38.692,14.903,188.5,2.5,Md
1994-12-03 22:08:44.450,38.603,15.179,173.6,2.6,Md
1994-12-06 11:49:22.510,38.842,15.724,168.9,2.7,Md
1994-12-07 15:08:00.820,38.82,12.788,76.8,2.8,Md
1994-12-11 09:17:15.880,38.491,15.559,107.7,2.5,Md
1994-12-18 10:20:37.710,38.561,15.461,118.9,2.8,Md
1994-12-20 06:40:52.120,38.858,14.046,399.9,2.8,Md
1995-01-24 06:53:06.090,39.394,14.397,297.9,2.8,Md
1995-01-30 00:49:59.480,39.682,15.617,284.7,2.7,Md
1995-02-04 17:09:53.130,38.612,15.11,149.8,2.7,Md
1995-02-22 12:11:04.700,38.707,15.609,84.3,2.5,Md
1995-03-08 11:34:13.990,38.851,15.854,167.9,2.8,Md
1995-03-08 22:09:58.770,38.602,15.452,138.2,2.5,Md
1995-03-19 09:08:41.800,38.737,15.312,116.7,2.8,Md
1995-04-03 06:59:08.090,38.832,15.991,206.9,2.8,Md
1995-04-11 02:18:34.220,38.178,14.826,160.0,3.0,Md
1995-04-13 20:38:49.190,38.587,15.419,155.4,2.5,Md
1995-04-14 17:30:45.250,39.541,15.137,152.9,2.8,Md
1995-05-12 23:47:57.040,38.513,15.32,125.4,2.5,Md
1995-05-15 14:17:41.140,39.586,15.551,298.7,2.8,Md
1995-05-16 16:33:38.880,38.884,15.873,180.2,2.5,Md
1995-06-03 07:54:17.000,38.897,15.985,166.6,2.7,Md
1995-07-03 17:49:17.590,38.858,15.371,140.9,2.5,Md
1995-07-24 11:17:24.970,39.194,15.437,223.0,2.6,Md
1995-07-26 13:34:46.390,38.892,15.822,169.4,2.7,Md
1995-07-29 20:21:58.980,39.09,15.516,283.1,2.9,Md
1995-08-04 18:59:54.150,38.283,15.626,134.8,2.8,Md
1995-08-04 23:01:30.070,38.322,15.441,124.3,2.6,Md
1995-08-10 18:12:41.560,38.844,15.009,313.9,2.7,Md
1995-08-17 05:35:59.420,38.556,15.971,200.5,2.7,Md
1995-08-23 04:08:27.860,38.255,15.165,108.5,2.8,Md
1995-08-30 10:16:29.510,39.748,15.854,247.7,3.0,Md
1995-09-01 10:34:23.710,38.632,15.352,164.0,2.5,Md
1995-09-08 03:23:39.710,39.53,15.976,285.2,3.1,Md
1995-09-11 07:59:19.630,38.567,15.459,165.0,2.6,Md
1995-09-14 13:01:45.950,38.892,14.8,324.3,2.9,Md
1995-09-17 23:32:26.520,39.154,15.42,265.3,2.5,Md
1995-10-04 00:46:00.590,38.889,15.947,187.5,2.7,Md
1995-10-14 15:45:43.380,39.155,15.563,223.9,2.6,Md
1995-10-15 08:58:42.210,38.602,14.216,243.1,2.7,Md
1995-11-09 18:06:33.020,38.957,15.685,154.4,2.5,Md
1995-11-28 22:54:19.330,39.397,15.657,228.1,2.7,Md
1995-12-01 11:42:17.150,38.349,15.136,144.7,2.7,Md
1995-12-11 16:59:20.930,38.312,15.414,125.1,2.6,Md
1995-12-22 19:29:50.210,38.887,15.778,158.2,2.5,Md
1996-01-21 12:17:00.500,39.925,13.275,555.3,3.2,Md
1996-01-22 15:00:17.040,38.157,15.597,100.7,2.5,Md
1996-01-23 04:08:12.700,38.393,15.774,150.5,2.6,Md
1996-02-19 22:32:14.600,39.596,15.525,288.3,2.7,Md
1996-02-22 03:57:19.660,38.884,15.749,171.6,2.5,Md
1996-02-25 01:20:00.090,38.744,15.832,211.6,3.8,Md
1996-03-10 02:23:01.380,38.426,15.78,158.9,2.5,Md
1996-03-14 04:10:40.680,38.587,15.814,179.5,2.8,Md
1996-04-03 16:25:24.180,38.534,15.627,108.8,2.7,Md
1996-04-06 05:01:53.320,38.743,15.947,126.7,2.8,Md
1996-04-11 02:30:55.460,38.614,15.447,134.3,2.6,Md
1996-04-13 10:01:46.090,38.866,15.824,171.1,2.5,Md
1996-04-13 10:39:14.750,38.28,15.215,119.9,2.6,Md
1996-04-14 02:52:12.210,39.393,15.351,257.0,2.6,Md
1996-04-23 00:52:32.400,38.936,15.371,290.3,3.2,Md
1996-04-28 23:37:01.770,38.61,14.566,302.2,2.7,Md
1996-05-06 20:28:46.480,38.866,16.021,196.0,2.7,Md
1996-05-27 01:52:33.810,39.338,15.58,270.1,3.2,Md
1996-06-16 08:12:33.210,37.224,15.015,107.6,2.8,Md
1996-06-24 03:42:14.900,37.331,17.681,194.4,3.1,Md
1996-07-02 03:48:38.480,38.868,15.987,172.9,2.8,Md
1996-07-07 01:53:54.880,39.718,15.028,415.7,3.2,Md
1996-07-08 00:07:16.620,38.73,15.617,165.7,2.7,Md
1996-07-19 10:28:44.670,38.551,14.811,247.4,3.0,Md
1996-07-20 18:12:19.510,38.797,15.688,168.4,2.8,Md
1996-07-21 01:23:44.590,38.94,15.638,172.7,2.5,Md
1996-07-23 18:35:07.730,38.554,15.347,161.1,2.6,Md
1996-07-28 10:12:57.470,39.53,15.772,258.1,2.9,Md
1996-08-05 21:10:46.940,38.58,15.813,177.8,2.9,Md
1996-08-08 18:03:29.220,38.983,15.308,211.9,2.8,Md
1996-08-19 13:24:55.980,38.863,15.754,170.1,2.6,Md
1996-10-06 11:08:37.660,39.323,15.849,257.4,3.1,Md
1996-10-08 21:57:47.410,38.482,15.484,122.8,2.5,Md
1996-10-15 01:15:13.160,38.84,15.41,296.8,2.7,Md
1996-10-30 02:25:04.950,39.014,15.315,264.2,2.9,Md
1996-11-04 23:11:20.750,38.569,15.81,182.6,2.5,Md
1996-11-12 20:00:29.200,38.884,15.734,175.1,2.5,Md
1996-11-13 18:31:59.100,38.357,15.159,111.8,2.5,Md
1996-11-30 06:07:58.140,38.8,15.571,146.7,2.6,Md
1996-12-07 00:58:00.070,38.254,15.707,140.3,2.8,Md
1996-12-21 08:45:42.370,39.828,13.16,618.9,4.0,Md
1996-12-25 02:16:19.890,38.365,15.61,138.3,2.5,Md
1996-12-26 04:52:10.910,38.9,15.876,151.2,2.8,Md
1996-12-31 08:51:07.110,38.58,15.307,112.1,2.5,Md
1997-01-15 11:07:49.730,38.564,15.596,160.1,2.6,Md
1997-01-16 14:41:37.110,39.196,15.036,162.3,3.0,Md
1997-02-20 14:11:16.170,38.967,15.894,168.1,2.5,Md
1997-02-25 23:49:06.220,39.356,15.693,245.9,3.2,Md
1997-04-06 18:41:53.780,38.583,14.839,312.4,2.7,Md
1997-05-01 01:29:43.630,38.724,15.557,206.4,2.8,Md
1997-05-05 00:23:25.470,38.651,15.332,180.5,2.5,Md
1997-05-15 04:33:44.770,38.309,15.151,108.8,3.0,Md
1997-05-16 14:58:47.980,38.807,15.44,109.1,2.5,Md
1997-05-18 12:14:59.680,38.064,14.253,239.3,2.9,Md
1997-06-17 22:53:55.310,39.527,15.548,316.3,3.2,Md
1997-06-19 03:51:46.650,37.295,17.658,200.1,3.2,Md
1997-06-23 14:26:48.700,39.141,15.642,243.0,2.7,Md
1997-06-28 15:14:35.490,38.583,15.571,224.5,2.7,Md
1997-06-29 11:09:53.530,38.483,15.566,133.0,2.5,Md
1997-07-01 12:15:05.750,38.28,14.259,203.0,3.0,Md
1997-07-03 01:27:12.010,38.336,15.54,127.3,2.8,Md
1997-08-04 02:49:08.750,38.37,15.523,110.6,2.8,Md
1997-08-06 15:08:50.610,38.826,15.522,245.4,3.0,Md
1997-08-17 04:43:45.400,38.569,15.187,252.8,2.9,Md
1997-08-20 23:36:34.450,39.508,15.493,300.8,3.0,Md
1997-09-19 15:36:03.590,39.703,16.066,73.2,2.6,Md
1997-09-25 12:14:58.770,38.4,14.876,199.0,2.6,Md
1997-10-24 16:02:50.040,38.047,15.268,100.2,2.5,Md
1997-11-06 13:45:28.070,38.553,15.359,146.1,2.5,Md
1997-11-27 06:23:36.170,39.3,15.589,298.4,2.9,Md
1997-11-29 11:09:18.250,38.685,15.626,131.3,2.6,Md
1997-12-13 04:30:05.510,38.671,14.119,411.8,3.0,Md
1997-12-13 06:21:25.960,38.536,14.956,277.0,2.7,Md
1997-12-15 21:49:33.000,39.517,15.878,235.9,2.7,Md
1997-12-18 22:02:47.170,39.164,15.195,306.5,3.6,M
1997-12-19 00:23:32.840,39.214,14.992,141.2,2.6,Md
1998-01-10 19:55:05.880,38.499,15.507,138.2,2.7,Md
1998-01-12 04:48:19.020,38.409,15.264,90.2,2.6,Md
1998-01-20 14:15:44.660,38.712,14.982,226.5,2.7,Md
1998-03-04 09:08:23.590,38.734,14.839,147.1,2.6,Md
1998-04-10 20:51:00.610,38.512,15.422,122.1,2.5,Md
1998-04-18 16:27:50.650,40.132,15.848,280.9,2.7,Md
1998-04-20 17:11:02.050,38.335,15.183,103.3,2.6,Md
1998-04-23 11:30:17.940,39.307,15.909,75.8,2.5,Md
1998-04-24 14:28:19.930,38.584,15.48,226.0,2.9,Md
1998-04-25 14:28:43.290,39.276,15.927,80.2,2.7,Md
1998-05-16 10:40:14.460,38.889,15.606,84.9,2.5,Md
1998-05-18 17:19:01.840,39.143,15.42,312.0,5.1,ML
1998-05-18 20:59:37.550,39.043,15.597,275.3,2.7,Md
1998-05-18 23:54:28.380,38.322,16.994,75.4,2.7,Md
1998-05-20 03:38:25.960,38.783,14.744,216.9,2.7,Md
1998-07-21 22:47:08.460,40.509,15.061,336.4,3.1,Md
1998-07-23 12:02:31.360,39.507,15.975,294.3,3.2,Md
1998-08-01 14:16:04.560,38.302,15.502,148.8,2.9,Md
1998-08-13 06:51:45.580,38.551,15.491,203.8,2.5,Md
1998-08-19 18:50:05.870,38.702,15.593,208.2,3.2,Md
1998-08-20 02:08:46.830,38.43,15.83,189.9,2.5,Md
1998-08-20 10:54:18.930,38.45,15.371,127.7,2.5,Md
1998-08-23 13:39:15.460,38.564,15.651,133.7,2.5,Md
1998-08-25 05:09:23.410,38.442,15.548,145.5,2.9,Md
1998-09-30 00:19:16.580,39.393,15.704,253.2,3.0,Md
1998-10-14 16:35:25.290,39.292,15.92,85.0,2.9,Md
1998-10-21 13:21:41.090,40.346,13.891,472.1,3.0,ML
1998-10-24 21:22:00.420,39.059,15.586,130.6,2.8,Md
1998-11-01 06:52:36.700,39.668,15.602,299.6,3.9,ML
1998-11-02 08:53:16.830,38.613,15.461,123.5,2.5,Md
1998-11-04 23:25:56.000,38.423,15.399,178.2,2.8,Md
1998-11-24 16:57:02.460,38.434,15.66,138.2,2.7,Md
1998-12-13 22:57:46.580,39.486,13.563,644.4,4.6,M
1999-01-02 13:02:40.490,38.611,15.191,188.2,2.7,Md
1999-02-20 22:04:23.770,38.483,15.395,123.7,2.7,Md
1999-03-01 22:23:53.860,38.919,15.864,229.6,2.8,Md
1999-03-12 19:48:02.450,38.768,15.892,128.5,2.9,Md
1999-03-15 13:12:27.280,38.841,15.883,187.6,2.6,Md
1999-03-16 02:41:58.820,38.413,15.638,146.9,2.5,Md
1999-03-17 04:49:06.870,38.889,15.773,175.9,2.9,Md
1999-03-18 02:32:43.760,38.822,15.391,270.6,3.0,Md
1999-03-19 06:05:03.790,38.388,15.209,92.0,2.6,Md
1999-03-26 10:28:01.360,38.501,15.667,145.6,2.9,Md
1999-04-17 12:24:49.910,38.277,15.555,78.7,2.7,Md
1999-05-05 03:29:54.730,39.369,15.495,229.9,2.8,Md
1999-05-09 14:31:08.750,38.873,15.304,134.9,2.6,Md
1999-05-17 04:02:02.490,38.69,15.027,302.4,2.7,Md
1999-05-27 14:47:02.300,39.037,15.4,266.5,3.0,Md
1999-05-31 05:23:33.080,38.648,15.263,256.1,3.1,Md
1999-06-06 04:09:52.580,38.46,15.71,129.7,3.0,Md
1999-06-08 04:36:55.620,39.607,15.022,317.6,2.7,Md
1999-07-28 03:11:09.470,38.579,14.991,227.2,2.8,Md
1999-08-18 19:24:45.890,38.972,15.4,127.1,2.5,Md
1999-08-23 01:55:06.970,38.697,15.744,152.0,2.5,Md
1999-08-26 22:38:43.170,39.222,15.448,257.5,2.7,Md
1999-09-10 23:55:36.290,38.457,15.608,147.9,2.5,Md
1999-09-14 15:47:22.310,39.768,15.471,314.2,3.7,Md
1999-09-20 06:57:00.510,38.421,15.645,172.8,3.4,Md
1999-10-03 09:33:38.280,38.255,14.747,151.0,3.4,Md
1999-10-23 02:05:53.900,38.697,14.804,357.5,3.8,Md
1999-10-30 03:53:37.240,39.962,15.389,298.7,2.9,Md
1999-12-01 18:21:32.910,39.338,15.775,287.8,3.6,Md
1999-12-04 13:08:17.120,38.751,14.858,292.8,2.7,Md
1999-12-21 23:05:01.570,38.264,15.553,148.3,2.7,Md
2000-02-03 19:16:55.270,39.078,15.94,121.6,2.8,Md
2000-02-11 08:36:59.920,38.687,15.118,246.1,2.5,Md
2000-02-12 20:34:04.630,39.776,15.717,314.8,3.5,ML
2000-03-15 22:53:09.280,38.424,15.571,149.2,2.6,Md
2000-03-30 02:24:31.570,38.858,14.11,411.9,3.3,Md
2000-03-30 09:32:10.250,39.414,16.293,323.4,4.0,Md
2000-04-02 22:44:35.840,38.318,15.777,136.9,2.7,Md
2000-04-10 10:07:20.960,38.873,15.668,152.8,2.5,Md
2000-04-14 07:08:49.760,42.179,16.785,104.1,3.2,Md
2000-04-22 11:13:43.410,39.071,15.417,310.4,3.9,ML
2000-04-24 17:25:29.210,38.608,15.933,195.4,2.6,Md
2000-04-29 13:54:49.360,38.336,15.312,175.1,3.0,Md
2000-04-30 17:50:57.400,38.598,14.562,259.1,2.9,Md
2000-05-14 17:11:14.340,39.379,15.016,272.4,2.8,Md
2000-05-27 02:48:39.160,38.668,15.667,175.7,2.6,Md
2000-05-30 07:05:57.110,38.919,15.284,275.7,2.8,Md
2000-05-31 01:34:50.160,38.437,15.625,147.6,2.6,Md
2000-06-06 17:02:59.910,38.639,15.474,144.5,2.8,Md
2000-06-13 17:42:56.620,38.565,15.843,111.7,3.7,Md
2000-06-26 13:23:46.180,38.598,14.617,172.9,2.8,Md
2000-06-30 16:21:53.600,38.741,15.804,122.2,2.8,Md
2000-07-03 01:51:29.340,39.026,15.406,255.6,2.7,Md
2000-07-12 08:34:59.220,39.377,15.422,289.9,3.2,Md
2000-07-21 15:59:19.970,39.773,15.468,200.2,2.9,Md
2000-07-23 03:15:38.260,39.405,15.381,324.9,3.2,Md
2000-07-23 04:17:47.190,38.84,14.9,290.8,2.9,Md
2000-08-14 22:10:06.470,38.329,15.748,170.1,2.9,Md
2000-08-15 01:28:07.130,38.466,15.77,144.2,2.6,Md
2000-08-20 03:04:17.430,39.525,14.793,327.1,2.8,Md
2000-08-22 23:30:10.020,39.35,16.223,91.2,2.5,Md
2000-09-03 23:49:48.900,39.406,15.272,291.7,2.6,Md
2000-09-07 14:02:23.480,39.251,15.618,279.4,2.8,Md
2000-10-16 03:39:01.160,38.398,15.733,154.5,2.8,Md
2000-10-27 00:28:25.000,38.793,15.228,249.1,2.6,Md
2000-10-27 22:08:36.760,38.178,14.85,99.8,2.6,Md
2000-10-31 03:33:01.390,38.461,15.544,118.4,2.6,Md
2000-11-03 20:18:12.650,38.549,15.818,176.8,2.8,Md
2000-12-04 11:13:05.470,39.447,15.491,243.0,2.7,Md
2000-12-07 08:04:59.480,38.269,15.65,99.8,2.7,Md
2000-12-07 19:36:19.410,38.667,15.714,162.9,2.5,Md
2000-12-10 03:53:12.940,38.323,15.701,132.2,2.9,Md
2001-01-02 20:41:02.160,38.297,15.46,168.1,2.9,Md
2001-01-04 22:20:57.050,38.76,14.886,311.7,3.6,Md
2001-01-09 18:16:59.140,38.791,14.933,323.0,3.3,Md
2001-01-20 01:34:44.980,38.882,15.232,266.7,2.8,Md
2001-02-14 19:46:23.710,38.723,15.286,158.6,3.0,Md
2001-03-02 23:47:26.880,38.795,15.616,85.5,2.5,Md
2001-03-18 06:59:56.270,38.511,15.151,200.6,2.5,Md
2001-03-27 01:12:15.960,38.335,15.232,138.5,2.5,Md
2001-04-04 19:13:45.530,39.442,14.555,106.0,3.0,Md
2001-04-06 10:40:20.130,39.396,15.394,308.6,2.9,Md
2001-04-07 11:55:00.550,38.291,15.235,99.9,2.9,Md
2001-04-29 22:16:35.200,38.135,17.004,99.8,2.6,Md
2001-04-30 11:40:05.980,38.341,14.193,191.3,2.5,Md
2001-05-03 09:52:57.310,38.318,15.438,119.7,2.5,Md
2001-05-14 02:56:26.660,38.937,15.21,266.2,2.6,Md
2001-05-14 09:32:20.560,38.814,14.827,250.6,2.6,Md
2001-05-15 14:07:36.280,38.888,15.388,288.9,2.7,Md
2001-05-17 11:43:54.850,38.851,15.735,258.0,5.1,ML
2001-05-24 22:59:43.480,39.207,15.152,182.6,2.7,Md
2001-05-24 23:14:31.330,38.505,15.303,105.5,2.5,Md
2001-06-01 17:42:07.360,38.597,15.714,156.0,2.7,Md
2001-06-11 21:31:26.740,38.366,15.702,149.3,2.7,Md
2001-06-26 08:19:48.620,39.068,15.195,281.3,2.8,Md
2001-07-01 01:57:53.020,38.179,14.832,112.9,2.7,Md
2001-07-01 10:39:04.430,39.612,15.479,283.0,2.5,Md
2001-07-07 04:14:27.600,38.55,15.195,248.7,3.1,Md
2001-07-11 02:06:25.850,40.193,13.702,452.5,3.0,Md
2001-08-10 14:26:59.320,39.318,15.819,281.3,3.1,Md
2001-08-17 03:15:09.210,38.323,14.741,237.0,4.1,ML
2001-08-18 07:49:29.140,39.481,15.433,328.2,2.8,Md
2001-09-20 01:25:21.150,38.39,17.036,113.2,2.7,Md
2001-10-03 13:41:53.030,39.666,16.066,121.9,2.8,Md
2001-10-08 02:03:01.110,39.103,15.181,242.9,2.9,Md
2001-10-09 22:16:49.320,39.356,15.2,283.6,2.7,Md
2001-10-13 21:57:40.980,39.075,15.481,254.0,2.7,Md
2001-10-14 03:13:04.650,38.63,15.499,152.3,2.6,Md
2001-10-18 18:08:30.890,38.512,15.101,238.9,4.1,ML
2001-10-23 03:37:46.300,38.618,15.725,163.3,2.6,Md
2001-11-04 21:44:54.300,39.162,15.355,289.3,3.0,Md
2001-11-22 03:00:51.300,40.139,15.527,303.7,3.0,Md
2001-11-26 03:54:24.900,39.074,15.458,292.4,2.9,Md
2001-12-12 00:13:04.540,39.51,15.412,288.9,3.0,Md
2002-01-06 21:00:02.840,38.645,15.014,230.8,2.8,Md
2002-02-10 20:11:33.660,39.114,15.412,297.8,2.8,Md
2002-02-14 02:31:21.260,38.743,15.602,194.5,2.8,Md
2002-03-10 12:39:34.610,39.059,15.546,327.7,2.9,Md
2002-04-21 13:01:34.210,39.542,15.457,285.7,3.0,Md
2002-04-23 02:58:37.790,38.46,15.569,139.7,2.6,Md
2002-04-25 03:09:56.520,38.171,14.858,119.3,2.7,Md
2002-04-28 08:12:29.180,38.343,15.482,127.2,2.9,Md
2002-05-04 02:50:22.260,39.659,15.611,211.8,2.7,Md
2002-05-07 04:57:19.210,38.677,15.358,124.2,2.6,Md
2002-05-12 05:46:55.930,40.036,15.463,363.0,3.3,Md
2002-05-16 17:19:40.190,38.182,14.795,128.4,2.6,Md
2002-05-31 00:30:06.380,38.476,15.557,124.0,2.9,Md
2002-06-04 22:48:53.600,40.02,15.447,275.7,2.8,Md
2002-06-05 17:40:35.590,38.458,15.455,127.3,2.7,Md
2002-06-07 07:20:41.990,39.825,15.61,326.5,2.7,Md
2002-06-19 15:28:10.100,38.979,15.887,133.7,3.3,Md
2002-06-22 14:34:52.250,38.131,14.879,135.4,3.2,Md
2002-06-24 02:14:46.860,38.854,15.788,197.9,2.5,Md
2002-07-21 22:06:30.340,38.51,15.181,124.1,2.5,Md
2002-08-18 08:49:59.250,38.359,15.503,121.4,2.6,Md
2002-08-18 12:24:10.940,38.835,15.929,193.2,2.7,Md
2002-08-22 05:34:40.850,38.366,14.739,228.6,3.1,Md
2002-11-05 18:50:02.450,39.602,15.603,284.1,2.7,Md
2002-11-09 16:52:36.690,38.956,14.796,317.3,3.0,Md
2002-11-10 23:24:49.450,38.494,15.427,136.5,2.6,Md
2002-11-13 09:28:08.090,37.102,13.261,75.2,2.8,Md
2002-11-27 11:31:37.930,38.43,15.251,172.7,2.6,Md
2002-12-01 16:18:02.000,38.719,14.842,296.5,3.7,ML
2002-12-16 18:06:37.360,39.799,15.301,306.9,3.0,Md
2002-12-18 02:44:42.890,38.689,15.897,185.4,2.8,Md
2003-02-22 09:25:25.130,38.648,15.483,178.6,2.5,Md
2003-03-07 06:11:43.190,38.663,15.6,140.3,2.7,Md
2003-03-21 03:57:05.750,38.469,15.536,125.7,2.6,Md
2003-03-29 00:49:22.830,38.238,15.213,106.0,2.5,Md
2003-04-02 05:41:59.060,39.118,15.525,249.0,3.1,Md
2003-05-05 06:31:59.310,39.065,16.145,70.5,2.9,Md
2003-05-06 05:01:08.440,38.838,15.736,218.9,3.0,Md
2003-06-05 22:23:18.630,38.258,15.146,108.7,2.7,Md
2003-06-08 16:52:01.890,38.605,14.699,294.6,2.8,Md
2003-06-08 21:56:03.840,38.728,14.902,133.3,2.6,Md
2003-06-15 23:20:49.720,38.399,14.846,134.0,2.7,Md
2003-06-29 04:45:35.200,38.564,15.386,156.8,2.6,Md
2003-07-09 10:25:03.710,38.588,15.423,238.1,3.3,Md
2003-08-12 15:20:44.940,39.529,15.854,109.4,2.7,Md
2003-08-14 08:54:05.780,39.182,15.549,137.4,3.0,Md
2003-08-30 04:59:03.090,38.139,14.839,118.6,2.9,Md
2003-11-14 00:21:58.500,40.339,14.568,378.1,4.6,ML
2003-11-15 05:14:13.760,39.779,15.895,273.9,2.9,Md
2003-11-22 04:03:51.000,38.575,15.862,185.6,2.8,Md
2003-12-02 04:59:18.390,38.191,15.18,141.2,3.0,Md
2003-12-16 01:11:15.600,40.335,15.616,312.7,3.2,Md
2003-12-19 05:16:44.470,38.544,15.725,79.0,2.6,Md
2003-12-30 16:40:12.050,39.02,15.354,290.2,3.0,Md
2004-02-05 23:54:17.550,38.165,14.827,115.8,2.9,Md
2004-02-21 07:38:40.320,38.362,15.566,95.5,3.0,Md
2004-02-21 18:22:23.770,38.326,15.288,146.2,2.8,Md
2004-02-23 08:44:13.560,38.431,15.597,138.5,2.6,Md
2004-04-08 23:27:09.640,38.565,15.566,163.5,2.5,Md
2004-04-22 22:41:02.480,38.52,14.816,256.1,2.9,Md
2004-05-05 13:39:41.800,38.52,14.901,255.3,5.3,ML
2004-05-12 06:16:54.500,38.367,15.101,158.3,3.0,Md
2004-06-15 02:35:39.340,38.4,15.476,118.2,2.6,Md
2004-06-15 16:27:13.840,38.523,15.733,179.5,2.6,Md
2004-06-25 03:42:51.260,38.685,15.781,180.2,2.5,Md
2004-07-02 03:13:30.710,38.125,14.809,123.5,2.5,Md
2004-07-05 15:58:31.370,39.27,15.56,258.9,2.6,Md
2004-07-06 20:11:37.130,39.445,14.524,390.1,3.0,Md
2004-08-01 22:53:46.730,38.164,14.833,113.2,2.6,Md
2004-08-06 01:00:28.990,38.986,15.616,224.1,2.6,Md
2004-08-15 02:39:57.870,40.074,15.619,309.3,2.9,Md
2004-08-29 08:33:03.560,38.537,15.658,172.0,2.5,Md
2004-08-29 09:24:55.570,38.567,15.427,208.7,3.2,Md
2004-09-19 01:58:40.790,40.228,12.786,481.2,3.3,ML
2004-10-04 06:28:59.910,38.956,15.196,299.9,2.9,Md
2004-10-04 19:12:22.850,38.897,14.18,420.2,3.2,Md
2004-10-17 21:42:35.140,38.317,15.155,120.7,2.6,Md
2004-10-20 07:50:33.170,38.369,15.535,93.9,3.1,Md
2004-10-26 12:56:36.550,39.189,15.146,320.2,3.0,Md
2004-11-05 20:22:30.790,38.515,15.629,166.5,3.2,Md
2004-12-01 17:55:31.130,39.383,15.936,263.1,2.8,Md
2004-12-15 21:59:33.400,39.461,15.7,267.2,2.7,Md
2004-12-24 18:16:59.400,38.544,15.089,243.8,2.7,Md
2004-12-30 03:25:53.360,38.39,14.771,109.6,2.6,Md
2005-01-09 04:59:50.210,39.345,15.659,257.4,2.8,Md
2005-01-12 03:12:05.550,38.475,14.904,237.7,2.8,Md
2005-01-28 17:57:41.640,38.711,15.311,231.5,3.0,Md
2005-02-07 06:40:00.500,38.118,15.755,72.1,2.5,Md
2005-03-02 04:02:35.630,38.635,15.485,221.4,4.2,ML
2005-03-20 20:28:10.510,38.279,15.526,130.5,2.7,Md
2005-04-16 11:23:38.180,39.498,15.082,306.7,3.8,ML
2005-05-25 18:14:45.210,38.84,14.992,279.8,3.5,ML
2005-05-26 23:17:32.160,40.075,15.194,288.4,3.0,ML
2005-05-28 18:10:08.680,38.4,15.25,142.4,2.6,ML
2005-06-03 23:27:01.220,39.643,15.31,291.8,3.1,ML
2005-06-13 02:34:23.370,39.584,15.187,288.1,2.5,ML
2005-06-27 19:59:04.830,38.696,15.334,184.4,2.9,ML
2005-06-28 23:33:45.150,38.425,15.416,104.1,2.6,ML
2005-07-04 03:14:56.360,38.169,14.846,112.0,2.7,ML
2005-07-26 03:32:15.420,40.003,12.711,502.1,4.0,ML
2005-07-29 10:16:53.880,38.913,15.738,92.8,3.5,ML
2005-08-03 06:31:45.890,40.642,13.657,469.1,3.6,ML
2005-08-11 12:25:04.200,38.408,15.442,142.4,2.7,ML
2005-08-12 13:01:46.340,38.601,15.534,239.5,2.6,ML
2005-08-12 19:39:32.380,38.168,14.871,110.1,2.7,ML
2005-08-14 07:06:53.310,38.875,15.495,222.4,3.9,ML
2005-08-20 18:00:33.680,38.579,15.64,93.1,2.5,ML
2005-08-27 14:01:09.270,38.289,15.275,107.4,2.9,ML
2005-09-25 20:02:07.350,38.503,15.515,120.4,2.6,ML
2005-11-03 14:25:44.340,39.863,15.677,267.1,2.9,ML
2005-12-23 03:13:52.830,39.099,15.682,207.3,2.7,ML
2005-12-24 20:45:27.390,38.694,15.1,235.3,3.4,ML
2006-01-07 22:15:28.980,38.396,15.454,127.2,2.5,ML
2006-01-12 08:17:02.590,38.616,15.554,159.4,2.9,ML
2006-01-15 06:07:12.820,38.382,15.374,111.9,2.5,ML
2006-01-15 06:15:02.950,38.147,15.498,75.7,2.5,ML
2006-01-20 21:27:34.200,38.459,15.436,170.1,2.9,ML
2006-01-22 13:56:16.230,39.747,15.721,277.3,3.4,ML
2006-01-23 19:53:04.390,39.249,15.601,164.5,3.2,ML
2006-02-04 10:35:56.080,39.658,15.85,286.6,3.1,ML
2006-02-10 09:14:37.830,38.848,14.942,279.6,3.4,ML
2006-02-16 13:20:53.500,38.907,15.697,175.6,2.6,ML
2006-02-20 00:34:56.670,39.168,15.427,269.2,2.6,ML
2006-03-03 02:16:17.620,39.308,15.273,326.8,3.4,ML
2006-03-29 16:24:53.440,38.551,15.544,169.2,3.0,ML
2006-04-05 19:40:08.000,38.878,15.642,300.3,2.6,ML
2006-04-08 18:38:55.420,38.398,15.263,118.3,2.5,ML
2006-04-11 00:40:45.590,38.288,15.201,114.2,2.5,ML
2006-04-16 15:36:02.820,38.173,14.839,117.6,2.7,ML
2006-05-09 01:05:10.190,38.252,15.216,115.4,2.5,ML
2006-05-16 21:29:38.070,38.192,14.85,124.3,2.6,ML
2006-05-19 00:15:28.740,38.654,15.726,115.4,2.5,ML
2006-05-20 10:42:53.130,38.611,15.505,156.2,2.6,ML
2006-05-24 03:52:17.180,38.846,15.404,249.1,2.5,ML
2006-05-30 21:39:04.890,38.829,15.698,103.3,2.9,ML
2006-06-08 07:26:30.300,38.769,15.498,168.1,2.6,ML
2006-06-13 04:34:21.260,38.947,15.273,282.9,3.6,ML
2006-06-22 18:32:39.880,38.445,15.481,161.0,2.8,ML
2006-07-07 05:41:51.890,38.307,14.998,153.4,2.6,ML
2006-07-07 06:32:45.490,39.246,15.499,247.6,3.1,ML
2006-07-07 16:24:28.240,38.412,15.104,184.8,3.1,ML
2006-07-14 12:25:34.940,38.44,15.492,132.1,2.5,ML
2006-07-24 10:40:29.050,38.722,14.726,308.9,3.3,ML
2006-07-26 02:29:58.430,38.892,15.775,97.0,2.5,ML
2006-07-27 17:04:17.270,39.414,15.857,88.2,2.6,Md
2006-08-01 04:47:07.130,38.195,14.844,126.9,2.5,ML
2006-08-02 20:34:58.150,38.187,14.853,127.3,2.7,ML
2006-08-10 15:41:33.850,38.39,15.65,137.3,2.7,ML
2006-08-15 17:37:05.460,38.434,15.547,140.0,2.7,ML
2006-08-29 09:51:52.510,38.515,15.305,128.1,2.6,ML
2006-08-31 10:52:36.400,38.596,15.563,131.8,2.5,ML
2006-09-10 07:31:18.810,38.281,14.626,200.9,3.3,ML
2006-09-26 00:45:22.450,39.119,15.89,103.1,3.5,ML
2006-09-28 18:55:19.040,38.333,14.836,147.6,2.6,ML
2006-09-29 23:49:18.670,39.327,15.446,290.5,2.5,ML
2006-10-03 23:02:37.400,40.543,15.226,326.3,3.4,ML
2006-10-05 10:11:43.960,39.412,15.54,288.9,2.8,ML
2006-10-06 20:29:14.860,40.049,15.618,289.2,2.9,ML
2006-10-09 06:58:57.070,38.411,15.567,149.9,3.3,ML
2006-10-11 17:02:22.600,39.665,15.308,314.6,3.8,ML
2006-10-18 05:35:51.280,38.341,15.243,113.6,2.7,ML
2006-10-24 23:37:01.280,38.457,15.495,132.7,2.5,ML
2006-10-26 10:54:04.170,38.357,15.401,116.2,2.7,ML
2006-10-26 11:29:21.390,38.358,15.153,125.2,2.5,ML
2006-10-26 14:28:36.580,38.658,15.495,220.7,5.8,Mw
2006-10-29 23:55:12.590,38.532,14.61,282.2,3.1,ML
2006-10-30 12:45:57.400,39.019,15.402,219.6,3.0,ML
2006-11-02 20:01:21.660,38.633,15.648,102.6,2.7,ML
2006-11-05 17:14:53.850,39.69,13.819,459.8,4.7,Mw
2006-11-11 06:08:26.300,39.703,15.199,270.1,3.0,ML
2006-11-24 10:32:40.360,40.613,15.059,341.8,2.9,ML
2006-12-02 13:38:53.140,38.643,15.566,158.3,2.7,ML
2006-12-02 19:57:59.530,38.809,15.223,271.6,2.6,ML
2006-12-06 21:21:43.860,38.392,15.456,127.3,2.9,ML
2006-12-08 22:03:39.030,38.192,14.842,119.5,2.9,ML
2006-12-10 12:40:38.280,38.467,15.476,131.6,2.7,ML
2006-12-16 19:42:34.430,38.766,15.848,95.6,2.6,ML
2006-12-17 16:38:58.460,38.586,15.736,103.8,3.2,ML
2006-12-20 01:20:11.630,39.425,15.546,231.6,2.8,ML
2006-12-25 16:13:59.230,38.711,15.294,177.9,2.7,ML
2007-01-04 12:53:36.340,39.16,15.509,267.8,3.2,ML
2007-01-04 14:53:03.300,38.529,15.202,112.1,2.6,ML
2007-01-05 05:40:52.980,39.33,15.759,246.3,3.5,ML
2007-01-10 03:52:59.330,38.538,15.452,192.7,3.1,ML
2007-01-12 05:49:22.090,38.344,14.63,225.6,3.0,ML
2007-01-12 17:15:52.100,38.304,15.162,110.3,2.5,ML
2007-01-21 23:06:45.780,39.738,15.747,267.3,2.8,ML
2007-01-29 15:35:26.830,38.915,15.74,170.4,2.9,ML
2007-02-03 07:32:31.790,39.564,15.542,258.2,2.7,ML
2007-02-06 17:55:18.940,39.137,15.642,228.8,3.0,ML
2007-02-22 06:03:04.250,39.985,15.558,302.5,4.4,Mw
2007-02-24 20:32:36.250,39.675,14.734,238.8,2.7,ML
2007-03-07 16:00:39.900,39.947,15.898,317.8,3.1,ML
2007-03-10 09:00:01.990,39.129,15.21,276.8,3.1,ML
2007-03-16 21:24:08.650,38.227,14.861,128.0,2.6,ML
2007-03-24 10:31:50.230,40.67,15.071,317.8,3.3,ML
2007-03-29 05:13:39.560,39.612,15.57,278.8,3.0,ML
2007-03-30 11:30:43.750,38.29,14.776,133.9,2.7,ML
2007-04-03 07:34:12.190,39.815,15.806,280.6,2.8,ML
2007-04-27 23:22:56.120,38.966,15.914,128.0,3.8,Mw
2007-05-01 16:45:18.240,38.262,14.766,174.8,2.7,ML
2007-05-05 09:33:22.770,38.43,15.258,127.3,2.6,ML
2007-05-08 20:11:28.570,39.14,15.111,281.5,2.9,ML
2007-05-19 07:09:15.350,39.147,15.183,223.0,2.5,ML
2007-06-13 02:05:33.280,38.483,15.517,127.9,2.5,ML
2007-06-19 12:05:23.380,39.246,14.316,491.0,3.6,ML
2007-06-27 07:26:25.380,38.664,14.859,225.7,3.3,ML
2007-07-04 23:55:32.570,38.831,15.265,279.3,5.2,Mw
2007-07-11 18:23:50.870,38.177,14.815,130.0,2.9,ML
2007-07-14 10:35:09.240,39.145,15.753,227.7,3.2,ML
2007-07-20 09:45:21.790,38.616,15.024,226.4,2.6,ML
2007-07-23 20:49:01.030,39.11,15.543,270.0,2.9,ML
2007-07-25 20:42:01.020,38.611,15.475,163.8,2.6,ML
2007-07-29 15:22:12.050,38.643,15.527,159.3,3.1,ML
2007-08-09 12:57:53.850,39.367,15.665,234.7,3.0,ML
2007-08-10 16:28:53.070,38.905,15.742,172.9,2.5,ML
2007-08-21 03:27:49.620,39.55,15.716,265.9,3.3,ML
2007-09-08 11:15:20.590,38.556,15.654,96.9,2.9,ML
2007-09-09 01:44:20.750,38.584,14.756,257.8,2.6,ML
2007-09-11 14:16:01.330,38.333,14.889,124.3,2.9,ML
2007-09-22 21:03:29.640,39.792,15.61,285.1,3.6,ML
2007-09-24 02:39:16.480,39.504,15.88,256.5,2.5,ML
2007-09-25 02:40:43.470,38.45,15.486,132.4,2.5,ML
2007-09-25 15:43:01.350,38.658,15.502,158.0,2.8,ML
2007-09-28 20:43:07.390,39.176,15.39,214.9,3.1,ML
2007-10-13 04:46:34.680,38.77,15.732,70.2,3.2,ML
2007-10-18 01:38:21.110,38.411,15.47,128.0,2.6,ML
2007-11-06 00:06:26.620,38.463,15.597,136.0,2.5,ML
2007-11-09 03:36:10.320,38.469,15.509,171.0,3.1,ML
2007-11-20 05:36:50.430,38.655,15.515,155.6,2.8,ML
2007-11-21 12:10:54.430,40.009,15.733,291.5,3.0,ML
2007-11-22 21:48:20.070,38.151,14.881,130.2,2.9,ML
2007-11-25 19:57:10.830,38.388,15.402,120.7,2.6,ML
2007-12-01 07:14:22.450,39.978,15.85,280.7,4.6,Mw
2007-12-08 07:09:21.280,39.69,15.946,278.8,3.4,ML
2007-12-15 23:55:29.350,38.608,15.569,95.5,2.6,ML
2007-12-18 14:23:13.440,38.353,15.124,112.1,2.5,ML
2007-12-18 19:47:22.670,39.448,15.343,311.5,3.6,ML
2007-12-24 08:15:46.820,38.92,16.035,187.1,2.6,ML
2007-12-28 00:40:34.250,38.746,15.547,163.1,2.7,ML
2007-12-28 19:42:57.060,38.377,15.464,125.8,2.8,ML
2008-01-08 14:37:29.930,38.3,15.148,116.4,2.9,ML
2008-01-11 09:24:31.820,38.976,15.554,194.5,3.0,ML
2008-01-15 06:21:50.610,38.682,15.187,245.0,2.9,ML
2008-01-20 18:43:52.020,38.495,15.51,88.5,2.5,ML
2008-01-21 16:51:14.350,38.469,15.495,131.2,2.6,ML
2008-02-06 12:11:41.030,38.247,14.782,129.1,2.7,ML
2008-02-07 04:30:26.150,38.344,15.209,141.2,2.6,ML
2008-02-08 11:34:21.920,39.701,14.182,271.4,3.3,ML
2008-02-15 20:21:39.960,38.882,15.7,180.6,3.1,ML
2008-02-19 07:47:08.840,39.671,15.817,273.0,3.0,ML
2008-02-20 23:26:44.970,40.026,14.975,326.1,3.2,ML
2008-02-27 09:46:21.360,39.238,15.882,118.8,2.7,ML
2008-03-03 12:46:57.510,38.414,15.415,133.3,2.7,ML
2008-03-09 18:00:11.070,38.432,15.263,140.2,2.6,ML
2008-03-09 19:50:41.650,39.167,15.444,271.5,2.7,ML
2008-03-16 11:20:09.490,40.021,15.773,280.5,3.0,ML
2008-04-05 19:10:34.440,38.627,15.629,98.8,3.2,ML
2008-04-07 21:44:39.220,40.543,15.23,337.7,2.8,ML
2008-04-12 13:40:35.900,39.048,15.276,255.3,2.9,ML
2008-04-14 01:04:40.900,38.41,15.29,127.6,2.5,ML
2008-05-01 22:10:58.550,38.428,15.213,171.1,3.0,ML
2008-05-03 13:05:26.070,39.206,15.171,266.4,2.7,ML
2008-05-04 07:43:22.720,38.008,13.784,84.8,2.5,ML
2008-05-11 18:07:23.350,39.103,15.608,106.3,2.6,ML
2008-05-13 03:28:47.100,38.47,15.49,132.0,2.8,ML
2008-05-18 21:49:45.940,40.007,15.274,317.0,3.2,ML
2008-05-20 22:56:03.280,39.958,15.952,276.7,3.4,ML
2008-05-29 06:49:35.300,38.465,15.156,248.3,2.8,ML
2008-05-30 17:22:49.800,40.573,15.059,330.0,3.9,ML
2008-05-31 21:33:49.160,38.386,15.305,128.1,2.6,ML
2008-06-05 17:21:37.570,38.304,15.189,115.4,2.7,ML
2008-07-17 08:11:26.470,39.471,16.22,93.2,2.6,ML
2008-07-18 19:20:40.820,38.363,15.373,120.2,2.5,ML
2008-07-29 21:26:43.780,38.159,16.473,70.2,3.5,ML
2008-08-02 06:13:47.030,38.708,14.882,295.4,2.8,ML
2008-08-11 08:44:42.150,39.249,15.287,293.4,3.5,ML
2008-08-13 00:48:28.560,38.199,14.849,118.9,2.5,ML
2008-08-14 13:27:20.790,38.586,15.459,164.8,2.6,ML
2008-08-17 01:36:52.830,38.42,14.839,203.0,3.8,ML
2008-08-18 19:53:30.470,38.24,14.839,124.3,2.8,ML
2008-08-27 14:44:08.820,39.166,15.531,214.9,2.9,ML
2008-09-01 00:34:18.910,39.884,15.25,267.1,2.5,ML
2008-09-26 11:38:10.630,38.635,15.568,167.3,2.7,ML
2008-09-28 22:31:14.130,39.035,15.376,199.7,2.5,ML
2008-10-04 04:00:58.750,38.481,15.516,129.7,2.8,ML
2008-10-14 10:06:25.340,39.4,15.466,260.2,2.6,ML
2008-10-18 04:23:19.340,39.419,15.495,250.1,2.7,ML
2008-10-26 01:50:17.490,39.352,15.841,242.3,2.7,ML
2008-10-30 15:49:28.990,38.895,15.435,243.7,4.1,ML
2008-11-03 20:03:47.420,38.453,15.278,126.9,2.5,ML
2008-11-05 17:43:18.740,38.704,14.944,289.3,3.6,ML
2008-11-16 09:19:52.300,38.498,15.52,132.5,3.0,ML
2008-11-17 13:06:02.160,38.701,15.34,177.2,2.7,ML
2008-11-25 16:02:54.770,38.557,15.349,127.1,2.6,ML
2008-12-09 20:28:49.030,38.583,15.235,197.5,3.1,ML
2008-12-17 06:25:02.520,38.275,15.203,110.5,2.6,ML
2008-12-17 21:57:42.870,39.168,15.586,269.4,5.1,ML
2008-12-20 17:11:08.500,38.534,15.512,146.7,2.6,ML
2008-12-30 13:20:33.620,39.133,15.615,254.0,3.4,ML
2009-01-16 12:13:41.540,38.274,14.862,135.8,2.7,ML
2009-01-16 22:42:24.600,38.658,15.567,157.0,2.5,ML
2009-02-14 07:38:38.980,38.988,15.388,248.7,2.9,ML
2009-02-16 18:43:08.570,38.397,15.478,128.2,2.7,ML
2009-02-19 01:40:40.480,38.251,14.835,111.9,2.6,ML
2009-02-27 15:07:54.760,39.115,15.605,247.2,3.2,ML
2009-03-17 17:39:14.390,38.658,14.902,276.3,3.1,ML
2009-03-23 14:24:43.250,38.469,15.661,136.7,2.5,ML
2009-03-24 06:41:04.220,38.856,15.622,95.4,2.7,ML
2009-04-04 15:36:16.570,38.293,15.183,112.6,2.5,ML
2009-04-17 21:06:59.630,38.714,15.25,211.2,2.6,ML
2009-04-22 13:33:41.680,38.636,15.123,225.1,2.7,ML
2009-05-01 07:53:56.940,38.18,14.866,117.5,3.0,ML
2009-05-06 22:21:01.080,39.93,15.702,280.3,2.8,ML
2009-05-13 00:30:03.920,39.097,15.414,280.9,2.8,ML
2009-05-21 02:21:07.300,38.302,15.139,130.5,2.7,ML
2009-05-22 03:11:58.350,38.633,15.208,180.8,2.8,Md
2009-06-05 05:29:12.530,38.396,15.048,158.0,2.5,ML
2009-06-07 10:22:29.500,39.193,15.318,301.7,2.9,ML
2009-06-12 04:10:20.790,38.413,15.284,128.4,2.6,ML
2009-06-20 17:25:36.360,38.924,15.424,268.8,3.1,ML
2009-06-30 03:37:12.890,39.023,15.291,292.9,2.8,ML
2009-06-30 23:35:13.950,38.566,15.307,205.8,2.6,ML
2009-07-03 12:09:03.280,38.516,15.526,132.9,2.6,ML
2009-07-08 14:39:01.950,39.111,15.479,269.4,3.2,ML
2009-07-11 13:49:23.660,38.942,15.673,170.7,2.5,ML
2009-07-13 11:06:52.850,38.603,15.079,225.3,2.8,ML
2009-07-14 04:14:35.050,39.132,14.671,373.3,3.1,ML
2009-07-15 19:03:14.490,38.338,14.516,217.0,3.2,ML
2009-07-19 06:42:42.160,38.973,15.742,182.4,3.1,ML
2009-07-19 21:14:23.530,38.507,15.478,119.4,2.5,ML
2009-07-25 20:17:35.000,38.378,15.137,134.6,2.5,ML
2009-08-08 16:41:35.690,39.441,15.463,272.1,3.1,ML
2009-08-11 14:14:26.050,39.04,15.419,186.2,3.0,ML
2009-08-12 00:03:47.300,38.807,15.036,273.9,2.6,ML
2009-08-14 05:30:11.310,38.858,14.867,284.5,2.9,ML
2009-08-17 04:48:41.990,38.172,14.904,128.0,2.5,ML
2009-08-18 16:00:21.080,38.763,15.596,162.3,2.5,ML
2009-08-20 18:51:32.920,38.703,15.383,192.9,2.7,ML
2009-08-25 20:22:16.210,38.359,14.502,237.4,2.8,Md
2009-09-01 00:32:35.580,38.464,15.489,132.0,2.7,ML
2009-09-06 08:54:28.620,38.859,15.43,239.1,2.8,ML
2009-09-08 01:34:20.090,38.465,15.313,154.1,2.9,ML
2009-09-08 09:04:34.420,38.612,15.482,156.0,2.5,ML
2009-09-09 22:16:33.100,38.462,15.468,132.9,2.6,ML
2009-09-11 09:31:06.060,38.35,15.226,112.9,2.8,ML
2009-09-15 03:16:09.670,38.561,14.885,265.4,3.9,ML
2009-09-21 14:13:22.140,37.942,15.089,72.9,2.8,ML
2009-09-21 19:30:55.210,38.621,15.425,187.4,2.7,ML
2009-09-29 13:06:22.630,38.461,15.291,131.1,2.6,ML
2009-10-03 10:48:56.430,39.892,15.575,274.2,2.8,ML
2009-10-07 00:21:17.390,39.279,15.755,240.2,2.8,ML
2009-10-11 20:22:40.980,39.345,15.314,250.0,2.6,ML
2009-10-17 19:39:55.850,38.428,15.271,128.2,2.6,ML
2009-10-18 23:55:21.670,38.978,15.42,263.0,3.3,ML
2009-11-01 07:35:08.150,38.458,15.464,131.0,2.5,ML
2009-11-10 11:54:40.770,39.506,15.836,242.4,2.9,ML
2009-11-14 19:27:22.140,38.89,15.724,169.6,2.5,ML
2009-11-23 02:27:08.650,39.552,15.55,306.1,4.1,ML
2009-12-02 02:29:46.320,38.68,15.453,219.3,3.4,ML
2009-12-02 08:26:17.390,38.849,15.528,147.3,2.8,ML
2009-12-07 16:48:53.100,38.638,15.679,105.1,2.5,ML
2009-12-13 03:54:49.000,39.098,15.177,256.1,2.5,ML
2009-12-24 10:17:23.350,39.985,15.05,239.2,2.7,ML
2010-01-04 11:32:40.470,39.144,15.764,100.7,2.7,ML
2010-01-08 17:43:12.850,39.772,15.664,279.8,3.8,ML
2010-01-15 08:31:13.920,38.578,15.467,212.2,3.0,ML
2010-01-24 23:31:01.450,38.577,15.567,177.4,2.5,ML
2010-01-25 11:00:27.390,38.46,15.506,133.8,2.7,ML
2010-02-03 12:05:49.500,38.717,15.177,234.3,2.8,ML
2010-02-18 10:27:41.490,38.35,15.174,114.5,2.6,ML
2010-02-19 08:39:26.930,38.544,15.374,234.7,3.4,ML
2010-02-19 22:33:12.960,39.439,15.189,305.9,2.9,ML
2010-02-24 17:21:20.280,38.9,15.209,296.8,3.1,ML
2010-02-28 02:23:39.290,39.182,15.436,275.8,3.0,ML
2010-03-03 09:26:39.200,39.166,15.537,270.1,3.3,ML
2010-03-28 22:39:54.680,38.37,15.205,124.5,2.6,ML
2010-04-08 10:07:29.420,39.319,15.559,259.9,2.7,ML
2010-04-15 16:02:46.060,38.447,15.506,155.5,3.1,ML
2010-04-16 04:40:05.480,38.962,15.411,282.9,2.7,ML
2010-04-21 01:54:52.380,38.176,14.85,119.5,2.8,ML
2010-04-21 14:30:07.400,38.87,15.745,206.9,2.5,ML
2010-04-22 11:24:32.530,38.567,15.421,210.5,2.7,ML
2010-05-08 11:00:55.320,40.257,13.278,157.2,2.6,ML
2010-05-08 19:46:31.840,38.03,15.068,147.6,2.5,ML
2010-05-17 18:18:21.990,38.389,15.222,126.5,2.6,ML
2010-05-21 23:18:30.280,38.798,15.056,274.6,3.5,ML
2010-05-27 06:34:18.160,39.688,13.85,616.5,4.0,ML
2010-05-28 16:06:52.960,38.67,14.895,235.3,2.6,ML
2010-06-10 21:43:02.590,39.27,15.771,234.3,3.3,ML
2010-06-12 08:32:51.880,38.575,15.612,86.8,2.5,ML
2010-06-16 01:30:19.850,38.634,14.609,224.9,2.7,ML
2010-06-20 22:55:45.430,38.459,15.532,134.4,2.9,ML
2010-06-24 14:53:08.040,38.641,15.564,162.0,2.7,ML
2010-07-04 07:54:02.240,38.607,15.536,157.9,2.6,ML
2010-07-07 18:38:55.710,38.344,15.382,119.4,2.5,ML
2010-07-16 04:25:20.050,38.384,15.501,128.6,2.8,ML
2010-07-22 08:24:55.450,38.491,15.047,216.4,3.0,ML
2010-07-28 20:43:01.890,38.577,15.455,74.7,2.5,ML
2010-07-29 16:04:56.930,38.355,14.808,141.4,2.5,ML
2010-08-01 08:44:54.010,38.701,15.7,90.5,2.7,ML
2010-08-10 11:45:08.260,40.48,14.134,429.5,3.3,ML
2010-09-17 07:07:37.070,38.841,15.641,103.2,2.5,ML
2010-09-17 21:49:07.790,39.223,15.616,267.8,2.9,ML
2010-10-07 02:44:53.600,38.257,15.155,114.7,2.5,ML
2010-10-12 18:28:38.420,38.915,15.687,174.2,2.5,ML
2010-10-15 23:33:37.250,39.969,15.473,288.2,3.1,ML
2010-11-03 18:13:02.980,39.983,13.274,505.6,5.4,ML
2010-11-09 00:58:32.510,38.245,15.244,116.0,2.7,ML
2010-11-09 01:27:23.740,38.35,15.168,114.5,2.7,ML
2010-11-14 06:10:57.060,38.699,15.708,94.6,2.5,ML
2010-11-29 12:07:21.640,38.429,15.177,116.1,2.7,ML
2010-12-10 17:00:50.710,38.497,15.339,124.5,2.6,ML
2010-12-19 11:25:04.820,38.443,15.199,114.5,2.7,ML
2010-12-19 20:14:07.140,38.39,15.393,115.3,2.6,ML
2010-12-20 01:44:23.390,38.208,14.853,113.8,2.7,ML
2010-12-23 12:51:53.290,38.528,15.55,161.4,2.7,ML
2010-12-29 18:56:39.810,38.189,14.867,121.1,2.6,ML
2011-01-02 15:44:58.170,38.876,15.353,164.4,2.5,ML
2011-01-05 16:21:22.500,39.829,15.533,273.3,2.5,ML
2011-01-06 07:50:19.800,38.636,15.573,162.9,2.8,ML
2011-01-06 18:48:51.400,38.601,15.394,199.2,2.8,ML
2011-01-07 17:28:10.160,38.282,15.187,147.9,2.9,ML
2011-01-14 02:55:33.120,38.985,15.763,110.9,3.7,ML
2011-01-17 09:23:22.440,38.769,15.682,159.8,2.9,ML
2011-01-20 12:17:05.430,38.54,15.591,102.2,2.7,ML
2011-01-21 17:39:36.460,38.552,15.254,253.1,3.0,ML
2011-02-10 00:51:53.630,38.732,14.988,293.4,2.8,ML
2011-02-12 20:08:18.160,38.982,15.604,186.5,2.5,ML
2011-02-15 00:56:49.910,39.591,15.044,347.7,3.5,ML
2011-02-27 09:44:26.100,38.305,14.207,232.2,2.9,ML
2011-02-27 11:40:53.440,38.64,15.333,128.5,2.6,ML
2011-03-02 06:05:03.120,38.636,15.538,87.6,3.0,ML
2011-03-02 14:50:25.530,38.727,15.586,167.4,2.9,ML
2011-03-03 12:30:51.560,38.463,15.514,131.1,2.6,ML
2011-03-30 15:25:56.820,38.727,15.024,306.9,2.8,ML
2011-04-04 23:28:23.570,40.109,15.807,291.3,2.8,ML
2011-04-06 06:09:07.750,38.382,15.395,117.9,2.5,ML
2011-04-07 04:47:09.000,38.422,15.509,132.7,2.8,ML
2011-04-10 16:55:36.650,38.63,15.513,156.5,2.7,ML
2011-04-15 16:39:15.780,38.628,15.505,160.8,3.0,ML
2011-05-16 12:33:32.500,38.736,15.355,160.5,2.9,ML
2011-05-19 02:14:35.580,39.775,15.724,252.9,2.6,ML
2011-05-19 14:50:51.560,39.065,15.13,297.9,4.6,ML
2011-05-24 13:13:36.730,38.707,15.683,173.8,2.8,ML
2011-06-12 12:20:10.110,39.382,15.249,299.1,3.1,ML
2011-06-18 16:14:16.860,38.974,15.421,265.7,3.2,ML
2011-06-22 19:48:21.890,39.832,15.068,341.5,3.5,ML
2011-06-22 23:40:09.610,39.039,15.52,272.6,2.6,ML
2011-06-27 14:11:45.870,38.579,15.393,199.3,3.0,ML
2011-06-30 18:18:47.460,38.424,15.322,147.6,2.6,ML
2011-07-05 08:54:29.150,38.834,15.071,227.6,2.9,ML
2011-07-15 10:11:33.090,38.339,15.263,119.1,2.7,ML
2011-07-18 13:00:09.340,38.204,14.84,124.4,2.7,ML
2011-07-20 03:31:28.820,38.758,15.667,160.5,2.6,ML
2011-07-26 01:27:28.330,38.501,15.386,130.0,2.7,ML
2011-07-31 18:43:34.210,38.367,15.382,131.8,2.6,ML
2011-08-02 02:40:17.510,38.568,15.454,170.3,2.7,ML
2011-08-03 04:44:00.810,39.198,15.051,288.3,3.1,ML
2011-08-03 15:02:04.560,38.572,15.245,201.5,2.5,ML
2011-08-06 15:52:02.280,38.434,15.274,127.3,2.5,ML
2011-08-07 17:14:16.860,38.793,15.656,155.8,2.5,ML
2011-08-15 05:04:54.930,39.017,15.337,274.7,2.8,ML
2011-08-21 16:00:24.830,38.299,15.192,114.4,2.5,ML
2011-08-24 12:35:56.830,38.564,14.721,253.0,2.8,ML
2011-08-26 11:35:34.580,39.841,15.312,289.2,2.8,ML
2011-09-01 11:44:46.250,38.816,14.952,328.4,2.9,ML
2011-09-11 05:44:56.790,39.816,15.48,299.2,3.9,ML
2011-09-17 19:07:23.890,39.041,15.265,293.9,3.3,ML
2011-09-28 22:00:08.050,38.285,15.278,120.6,2.9,ML
2011-09-30 00:21:28.140,38.805,15.735,109.0,3.3,ML
2011-09-30 00:26:04.320,39.766,15.373,304.4,3.1,ML
2011-10-12 00:41:05.100,38.552,15.738,103.9,2.7,ML
2011-10-13 23:36:50.940,38.386,15.394,116.3,2.8,ML
2011-10-18 00:50:26.580,39.402,15.485,285.6,3.1,ML
2011-10-18 01:59:12.390,39.694,15.794,248.7,2.8,ML
2011-10-20 09:27:05.630,38.385,14.984,149.5,2.9,ML
2011-10-21 02:03:35.760,38.487,15.48,134.4,2.7,ML
2011-10-29 02:55:19.530,38.441,15.044,182.9,2.8,ML
2011-11-01 05:19:35.220,38.458,14.918,206.1,2.6,ML
2011-11-01 22:49:16.370,38.35,14.901,176.9,2.8,ML
2011-11-04 11:22:02.180,39.872,14.989,344.0,4.0,ML
2011-11-10 15:26:33.090,38.645,15.187,165.0,2.6,ML
2011-11-16 17:08:31.530,38.436,15.279,128.5,2.8,ML
2011-11-19 02:40:44.850,38.715,15.447,225.3,2.9,ML
2011-11-19 16:21:32.960,38.995,15.498,250.1,3.1,ML
2011-11-21 11:30:22.370,39.414,15.419,307.8,3.1,ML
2011-11-21 18:13:37.300,38.691,15.559,161.4,2.5,ML
2011-11-27 04:56:24.600,38.435,14.44,220.3,2.5,ML
2011-11-27 23:36:58.860,38.394,15.398,116.1,2.7,ML
2011-12-03 17:55:16.660,38.673,14.941,252.0,2.8,ML
2011-12-12 01:52:30.960,38.488,15.54,128.5,2.7,ML
2011-12-21 04:01:00.780,38.307,14.796,128.9,2.6,ML
2012-01-02 04:25:59.680,39.935,15.808,250.1,2.5,ML
2012-01-08 22:57:40.070,38.384,15.395,132.8,2.6,ML
2012-01-11 00:34:44.360,38.447,15.485,146.8,2.6,ML
2012-01-17 02:56:41.170,40.062,15.199,316.4,2.7,ML
2012-01-31 05:52:04.420,38.71,15.694,78.5,3.0,ML
2012-02-04 11:10:15.180,38.983,15.594,231.5,3.4,ML
2012-02-11 17:30:11.070,38.641,15.623,89.4,2.5,ML
2012-02-13 16:04:51.890,39.578,15.719,232.2,2.9,ML
2012-02-13 16:57:27.270,39.299,15.713,218.8,2.7,ML
2012-02-15 14:06:03.960,38.26,14.832,163.2,3.3,ML
2012-02-20 01:25:32.960,38.414,15.286,132.7,2.7,ML
2012-03-19 17:12:26.090,38.403,15.573,70.8,2.5,ML
2012-03-22 10:56:22.360,39.877,15.828,272.9,2.6,ML
2012-03-25 13:45:34.000,38.598,14.947,227.6,2.9,ML
2012-03-27 01:51:06.500,38.281,15.3,183.3,2.6,ML
2012-03-28 23:17:04.200,38.587,14.993,242.7,3.6,ML
2012-04-01 05:38:57.150,38.649,14.922,251.6,3.2,ML
2012-04-01 19:21:25.380,39.722,15.774,286.5,3.9,ML
2012-04-02 00:04:10.150,38.509,15.787,98.5,2.9,ML
2012-04-10 09:39:07.580,38.431,15.148,154.8,2.5,ML
2012-04-11 05:05:24.440,38.595,14.916,281.8,3.1,ML
2012-04-11 13:13:07.790,38.418,15.578,135.2,2.6,ML
2012-04-16 11:51:31.660,38.495,15.566,131.9,2.7,ML
2012-04-17 11:01:45.050,38.463,15.283,128.5,2.7,ML
2012-04-24 14:17:51.030,38.755,15.603,159.4,2.6,ML
2012-04-24 16:35:24.600,38.333,14.839,117.2,2.8,ML
2012-04-29 15:19:38.380,39.565,15.3,293.3,2.5,ML
2012-05-04 05:56:02.270,38.7675,15.038,295.3,2.6,ML
2012-05-04 22:04:14.530,38.6747,15.3047,254.2,2.5,ML
2012-05-09 18:25:28.620,38.6618,15.4758,154.8,2.6,ML
2012-05-14 13:24:19.310,39.6683,15.0097,341.5,2.9,ML
2012-05-18 03:50:29.890,39.7663,15.7373,260.2,2.6,ML
2012-05-24 01:26:01.460,39.9017,15.827,273.6,2.6,ML
2012-05-28 14:29:19.600,38.7383,15.6627,160.3,2.6,ML
2012-05-28 16:13:29.660,38.3665,15.3928,115.0,2.6,ML
2012-05-30 09:02:44.180,38.2132,14.8622,118.5,2.9,ML
2012-05-31 17:25:17.620,38.8338,15.1855,260.8,2.8,ML
2012-06-03 12:08:22.900,38.9172,15.4095,240.3,2.8,ML
2012-06-05 04:50:13.370,38.9773,15.4533,211.8,2.6,ML
2012-06-11 13:54:24.650,39.4493,16.0522,76.6,2.5,ML
2012-06-15 04:40:37.280,38.2968,14.5395,228.9,2.5,ML
2012-06-20 18:16:59.710,38.7748,14.8487,291.8,3.3,ML
2012-07-01 22:21:12.730,38.3642,14.2465,217.5,2.6,ML
2012-07-02 02:03:31.270,38.7308,15.127,267.4,3.0,ML
2012-07-03 00:40:39.880,38.3088,15.4472,128.2,2.7,ML
2012-07-04 13:27:13.690,38.4152,15.1597,175.0,4.1,ML
2012-07-09 11:43:37.710,38.5645,15.5702,89.4,2.6,ML
2012-07-12 21:22:55.470,40.5563,13.5343,440.5,3.7,ML
2012-07-20 10:27:59.700,38.6068,15.0328,229.3,3.3,ML
2012-07-26 20:34:05.320,39.2487,14.5642,394.9,3.5,ML
2012-07-29 10:14:41.520,38.2603,15.2383,117.2,2.7,ML
2012-07-29 13:22:47.760,38.9738,15.5128,244.0,3.1,ML
2012-08-02 16:30:15.910,39.3897,15.5417,251.4,2.6,ML
2012-08-04 07:58:52.440,38.6037,15.3498,202.3,3.3,ML
2012-08-11 15:35:09.380,38.6133,15.4618,190.4,2.8,ML
2012-08-13 03:23:55.190,38.8763,14.7695,334.7,3.5,ML
2012-08-14 00:51:43.580,38.8892,15.3537,273.7,2.8,ML
2012-08-14 08:55:03.980,39.4392,15.5093,288.8,3.8,ML
2012-08-17 11:51:21.250,38.2662,15.2188,119.6,2.6,ML
2012-08-19 00:36:11.450,38.3803,14.5718,224.4,2.9,ML
2012-08-29 09:46:28.100,39.2633,15.4827,246.6,2.8,ML
2012-09-02 17:59:46.190,37.6952,17.5112,83.2,2.8,ML
2012-09-04 06:19:31.540,38.9285,15.2957,273.1,2.5,Md
2012-09-05 06:08:56.300,38.6393,15.3917,215.6,2.6,ML
2012-09-05 13:54:17.920,38.6747,15.5192,184.7,3.0,ML
2012-09-14 01:06:56.910,38.191,15.802,77.9,2.7,ML
2012-09-15 20:46:22.710,38.4225,14.7758,181.4,2.6,ML
2012-09-16 16:46:29.740,38.1843,14.8597,126.4,2.5,ML
2012-09-26 18:03:47.250,38.4532,15.2797,239.7,2.6,ML
2012-09-29 00:39:43.440,38.4917,14.8245,250.1,4.2,ML
2012-09-29 13:38:33.280,38.3793,15.0127,158.9,2.8,ML
2012-10-06 20:32:02.230,38.6022,15.5338,158.0,2.7,ML
2012-10-12 18:59:04.670,38.7547,15.6448,162.6,2.5,ML
2012-10-15 22:30:07.640,38.9453,15.5713,175.5,2.5,ML
2012-10-16 15:10:57.750,39.6702,15.7417,275.5,4.6,ML
2012-10-18 05:17:07.110,39.1422,15.4485,262.6,2.5,Md
2012-10-19 05:10:02.890,38.3793,15.3913,118.8,2.7,ML
2012-10-20 03:24:19.810,38.6047,15.1155,238.9,2.7,ML
2012-10-27 20:55:45.670,38.4213,15.2812,131.6,2.6,ML
2012-11-13 07:06:33.340,38.2345,15.8543,78.4,4.4,ML
2012-11-13 22:22:26.870,38.6867,15.5687,166.2,2.6,ML
2012-11-14 07:03:13.590,39.1095,14.6097,395.3,2.8,Md
2012-11-16 12:39:35.260,39.2388,15.4943,291.1,3.4,ML
2012-11-17 16:23:04.430,38.678,15.3667,195.2,2.5,ML
2012-11-22 11:00:44.500,39.4177,15.7043,253.4,3.6,ML
2012-11-29 18:27:02.830,38.8618,14.7018,336.5,3.3,ML
2012-11-29 21:14:48.100,39.1585,15.685,217.4,2.9,ML
2012-11-30 15:19:40.240,39.2618,15.6198,249.9,3.0,ML
2012-12-03 00:38:56.140,39.4315,15.508,255.9,3.4,ML
2012-12-15 00:07:20.100,39.1863,15.3508,291.9,2.9,ML
2012-12-15 11:05:42.150,38.4022,15.4502,123.0,2.6,ML
2012-12-20 09:38:38.980,38.4597,15.4892,132.3,2.7,ML
2012-12-22 19:59:54.670,39.2838,15.1117,332.3,3.0,ML
2012-12-22 23:43:12.830,38.5917,14.9853,284.8,2.5,Md
2012-12-25 11:25:45.220,38.7068,15.0503,257.3,2.7,ML
2012-12-27 05:15:19.020,38.2447,15.2352,122.5,2.6,ML
2012-12-27 06:49:14.260,38.1822,14.8443,120.5,2.9,ML
2012-12-30 11:09:26.230,38.7543,15.6337,160.1,2.5,ML
2013-01-01 08:01:45.760,38.4117,15.2827,130.1,2.5,ML
2013-01-03 19:06:48.040,38.4878,14.6217,212.6,2.7,ML
2013-01-09 17:25:00.460,39.0627,15.2495,276.5,2.6,ML
2013-01-12 21:17:05.740,39.3425,15.4983,249.4,3.0,ML
2013-01-14 10:29:08.450,38.825,15.6582,103.5,2.5,ML
2013-01-16 12:31:08.440,38.3538,15.231,120.3,2.8,ML
2013-01-21 22:33:23.010,38.4228,15.457,120.9,2.6,ML
2013-01-23 09:45:12.440,38.2063,14.8562,117.6,3.0,ML
2013-01-24 10:38:21.490,38.673,15.5332,158.5,2.9,ML
2013-01-25 22:09:50.460,39.2387,15.6378,227.1,2.9,ML
2013-01-28 21:51:08.220,39.0918,15.2623,263.8,2.6,ML
2013-02-13 15:31:21.520,38.4423,15.4327,117.8,3.0,ML
2013-02-13 19:16:05.350,38.5915,15.5673,163.2,2.7,ML
2013-02-14 13:01:45.580,38.7565,15.5782,160.5,2.6,ML
2013-02-18 19:15:02.290,40.0893,15.5957,281.4,2.7,ML
2013-02-27 09:28:45.320,38.4233,15.3048,133.0,2.5,ML
2013-03-08 19:00:40.280,39.3682,15.0042,367.2,3.2,ML
2013-03-11 22:58:52.510,38.5078,15.4808,120.6,2.5,ML
2013-03-18 06:21:14.530,39.0452,15.321,290.1,3.8,ML
2013-03-19 19:34:15.320,38.4145,14.5217,203.4,2.9,ML
2013-03-21 21:00:29.320,38.4753,15.4858,131.9,2.8,ML
2013-03-24 05:04:23.410,40.2812,12.3508,76.8,2.8,ML
2013-03-25 03:57:38.680,39.1505,15.6922,83.3,2.8,ML
2013-04-01 11:16:40.950,40.0377,15.5662,301.7,2.6,Md
2013-04-07 03:59:44.950,39.0795,15.4225,278.3,3.1,ML
2013-04-11 07:32:53.000,38.9358,15.7257,171.9,2.5,ML
2013-04-12 06:39:41.080,38.5737,15.419,171.3,3.5,ML
2013-04-19 18:40:56.390,38.2957,15.2178,112.5,2.5,ML
2013-04-20 21:15:14.250,38.441,15.5468,136.0,2.7,ML
2013-04-25 20:12:59.430,38.6443,15.1307,248.7,2.7,ML
2013-04-27 20:27:31.280,38.2813,15.0377,147.4,2.6,ML
2013-04-29 22:03:31.710,39.9313,15.766,281.7,2.6,ML
2013-05-14 02:59:02.930,38.9475,15.3517,279.1,3.4,ML
2013-05-16 22:11:09.680,39.0513,15.6787,192.3,2.7,ML
2013-05-19 18:13:13.030,38.7343,15.6442,96.9,2.5,ML
2013-05-22 21:05:55.410,38.8217,15.5275,180.6,2.6,ML
2013-05-25 03:54:03.510,39.5758,15.628,292.5,2.9,ML
2013-05-27 00:10:20.970,39.4015,15.4598,264.4,3.0,ML
2013-05-27 00:22:17.930,38.3797,15.4168,119.7,2.6,ML
2013-05-28 04:14:52.440,39.2315,15.7007,228.3,2.9,ML
2013-05-28 13:41:54.350,38.9032,15.7085,190.0,2.6,ML
2013-06-05 04:12:48.160,39.8533,15.8205,260.1,2.5,ML
2013-06-06 14:47:08.070,39.4697,15.4578,281.0,2.7,ML
2013-06-18 06:51:25.340,39.5623,15.7038,234.4,2.7,ML
2013-06-19 19:08:04.830,38.4893,15.4942,128.3,2.7,ML
2013-06-29 05:16:45.510,40.125,15.1238,309.5,3.3,ML
2013-07-05 07:11:25.130,38.4258,15.1038,167.2,2.8,ML
2013-07-07 07:43:53.770,38.3575,15.3928,116.7,2.6,ML
2013-07-09 19:07:29.390,38.4518,15.5022,133.0,2.5,ML
2013-07-09 19:41:20.100,39.4645,14.66,395.4,3.1,ML
2013-07-12 10:52:36.170,38.3843,15.1352,150.3,2.9,ML
2013-07-21 09:43:57.820,38.6362,15.3545,219.0,3.0,ML
2013-07-22 19:12:11.050,39.5333,15.658,263.6,3.3,ML
2013-07-25 01:34:40.870,38.3718,15.3687,114.3,2.7,ML
2013-07-30 00:55:14.130,38.4087,15.3,129.7,2.5,ML
2013-08-06 01:48:55.350,38.9238,15.225,289.4,2.8,ML
2013-08-16 08:19:25.150,38.7998,14.9477,296.6,3.2,ML
2013-08-16 10:17:55.470,38.975,15.1938,302.9,2.8,Md
2013-08-18 14:20:58.470,39.838,15.5387,301.8,2.6,ML
2013-08-18 17:35:02.400,39.56,15.637,248.8,2.5,ML
2013-08-25 09:36:27.980,38.368,15.3767,116.6,2.6,ML
2013-08-25 23:35:28.580,39.4212,15.4152,262.6,2.6,ML
2013-08-31 00:14:19.860,38.2803,14.2633,213.0,2.7,ML
2013-09-01 18:14:18.660,39.4973,15.7242,262.3,2.6,ML
2013-09-02 01:14:13.440,39.5792,15.2467,323.2,4.3,ML
2013-09-08 01:08:30.490,41.3005,13.8757,427.4,3.2,ML
2013-09-08 05:32:32.270,38.2163,14.8483,121.4,2.7,ML
2013-09-09 03:28:52.800,38.5038,14.751,227.4,2.5,ML
2013-09-09 14:35:17.250,39.1647,15.5933,228.0,2.6,ML
2013-09-10 22:01:29.750,38.7598,15.5473,215.1,3.6,ML
2013-09-25 16:43:37.210,39.2907,15.2262,312.8,2.8,ML
2013-10-01 14:17:41.240,38.7988,15.6093,161.9,2.6,ML
2013-10-03 11:31:00.020,38.7547,15.6,160.2,2.5,ML
2013-10-28 06:23:55.100,38.5797,15.285,202.0,2.7,ML
2013-10-30 02:35:20.680,38.7678,15.3428,226.8,2.6,ML
2013-10-30 18:02:49.310,39.234,15.6207,224.1,2.6,ML
2013-11-01 04:40:18.760,38.7447,15.4842,199.6,3.1,ML
2013-11-07 00:55:47.870,38.7477,15.606,159.3,2.6,ML
2013-11-11 11:38:41.320,38.945,15.2408,275.6,3.2,ML
2013-11-24 11:45:35.740,39.1682,15.4547,264.1,3.0,ML
2013-11-26 11:58:29.190,38.481,15.4687,131.3,2.7,ML
2013-11-27 03:02:26.680,38.8692,15.324,242.4,2.9,ML
2013-11-29 15:02:59.160,38.9663,15.7415,114.2,3.0,ML
2013-11-30 00:20:48.670,38.405,15.3922,114.8,2.6,ML
2013-12-09 00:53:46.030,38.3937,14.5485,207.6,2.9,ML
2013-12-09 06:12:50.980,39.0182,15.6217,198.4,2.5,ML
2013-12-18 04:20:55.860,38.3897,15.4037,112.6,2.5,ML
2013-12-19 00:11:47.010,40.3508,15.5823,280.7,2.5,ML
2013-12-23 15:10:22.010,38.3775,15.4485,127.2,2.9,ML
2013-12-24 07:27:25.720,38.485,15.4848,130.7,2.8,ML
2013-12-31 01:43:24.330,38.3158,15.42,122.0,2.7,ML
2014-01-01 09:44:23.080,38.7168,15.6493,161.5,2.6,ML
2014-01-02 15:36:15.010,38.6415,15.3235,238.2,3.2,ML
2014-01-04 10:50:59.930,38.6923,15.135,265.5,2.5,ML
2014-01-14 18:46:30.060,38.385,15.4487,126.5,2.5,ML
2014-01-15 18:11:16.350,38.7893,15.5907,220.0,2.7,ML
2014-01-18 08:25:48.980,38.7252,15.6647,154.1,2.7,ML
2014-01-24 05:06:37.970,38.3913,15.4537,128.7,2.6,ML
2014-01-26 01:25:35.290,39.5682,15.1852,304.1,3.1,ML
2014-01-29 23:45:30.210,38.3887,15.3712,120.3,2.9,ML
2014-02-08 08:25:58.080,38.9692,15.5657,150.0,2.5,ML
2014-02-09 08:21:29.720,38.3918,14.9957,176.6,2.5,ML
2014-02-11 11:09:30.870,38.3998,15.4283,114.1,2.5,ML
2014-02-13 11:30:44.850,38.401,15.2627,143.6,3.9,ML
2014-02-14 08:07:11.100,39.8373,15.9917,253.8,3.6,ML
2014-02-19 13:10:23.230,38.317,14.9095,127.8,2.7,ML
2014-02-20 02:06:00.700,38.9742,15.3423,202.7,2.6,ML
2014-02-22 05:56:19.380,38.2797,15.208,114.9,2.6,ML
2014-03-06 03:02:28.940,38.6435,15.2583,197.2,2.9,ML
2014-03-06 13:19:21.950,38.7578,15.6223,170.7,3.1,ML
2014-03-07 00:31:32.520,38.4848,15.4992,128.7,2.7,ML
2014-03-07 08:56:39.510,38.3833,14.7873,160.3,2.6,ML
2014-03-07 21:12:45.890,38.6862,15.5683,163.6,2.5,ML
2014-03-07 21:12:46.730,38.5953,15.4478,156.5,2.5,ML
2014-03-11 05:58:35.670,38.956,15.6733,170.9,2.5,ML
2014-03-16 09:05:32.860,39.1192,15.4293,258.4,3.1,ML
2014-03-17 17:16:57.770,38.3842,15.392,119.1,2.5,ML
2014-03-27 23:31:58.040,39.638,15.9992,100.0,3.5,ML
2014-03-28 08:24:23.250,38.3887,15.4733,120.8,2.5,ML
2014-03-29 03:17:55.330,39.5117,15.5173,252.6,2.6,ML
2014-03-29 05:40:20.280,38.5023,15.5062,136.2,2.5,ML
2014-03-31 21:20:33.470,38.8277,15.646,189.4,3.1,ML
2014-04-04 20:29:02.640,38.7285,15.638,155.8,2.5,ML
2014-04-05 10:24:44.370,38.766,17.2525,75.2,4.7,Mw
2014-04-06 00:15:38.290,38.7263,15.7227,159.4,2.5,ML
2014-04-06 05:19:18.630,38.9687,15.6848,175.7,2.6,ML
2014-04-08 14:13:47.860,38.8252,14.9685,299.1,2.8,ML
2014-04-09 16:36:32.980,39.036,15.3197,292.5,3.0,ML
2014-04-14 19:20:51.250,38.5978,15.5717,158.4,2.5,ML
2014-04-20 13:10:51.550,38.4232,15.2857,131.7,2.5,ML
2014-04-23 01:30:43.250,38.6537,15.4703,150.9,2.5,ML
2014-04-24 06:56:40.080,38.7225,15.6635,151.1,2.7,ML
2014-04-26 12:42:53.060,39.8582,15.4012,289.8,3.3,ML
2014-04-27 23:05:12.280,38.2778,15.196,116.0,2.5,ML
2014-05-03 03:30:40.620,38.7747,15.6168,171.8,2.6,ML
2014-05-05 02:09:02.770,38.4912,14.77,195.0,2.5,ML
2014-05-07 13:50:53.480,38.3815,15.5002,119.3,2.6,ML
2014-05-10 04:22:00.820,39.5663,15.3442,287.0,2.6,ML
2014-05-12 05:12:21.900,38.7497,15.6337,160.1,2.8,ML
2014-05-15 19:51:57.390,39.4735,15.6775,235.1,3.0,ML
2014-05-16 16:16:10.710,38.9228,15.4877,211.5,3.7,ML
2014-05-25 13:26:25.580,39.4863,15.6677,265.9,3.0,ML
2014-05-27 16:43:21.890,38.2627,15.2017,114.1,2.5,ML
2014-05-30 07:04:23.380,38.9108,15.3118,271.7,3.6,ML
2014-05-31 14:08:29.030,39.0023,15.2558,270.3,2.6,ML
2014-06-03 08:38:34.190,39.4758,15.3727,258.2,2.7,ML
2014-06-03 17:33:41.070,38.7363,15.6113,155.1,2.7,ML
2014-06-04 00:52:02.630,38.4702,15.5363,134.9,2.5,ML
2014-06-10 05:41:55.210,38.434,15.32,126.9,2.6,ML
2014-06-26 21:22:38.190,38.7177,15.3207,235.0,3.5,ML
2014-07-02 11:24:08.940,38.7467,15.1758,262.7,2.6,ML
2014-07-06 04:17:52.830,38.3433,15.4258,123.2,2.5,ML
2014-07-10 17:08:17.120,38.4423,15.2307,163.1,2.9,ML
2014-07-15 07:33:11.240,38.7085,15.4857,150.0,2.7,ML
2014-07-18 04:08:28.600,39.0127,14.5513,396.9,2.7,Md
2014-07-19 04:37:10.870,38.313,15.2135,113.5,2.5,ML
2014-07-19 11:24:07.040,39.4107,15.3563,274.7,2.8,ML
2014-07-19 18:35:45.880,38.7592,15.6852,163.3,2.5,ML
2014-07-23 06:41:50.960,38.8828,15.2955,276.5,3.6,ML
2014-07-25 07:20:19.710,38.3863,15.4232,117.3,2.6,ML
2014-07-28 14:00:04.730,39.2637,15.35,285.4,3.8,ML
2014-07-28 21:00:22.720,38.7767,14.945,292.1,2.9,ML
2014-08-02 06:19:37.350,38.3712,15.472,133.0,2.5,ML
2014-08-04 05:54:00.830,38.6913,15.7302,175.6,4.3,ML
2014-08-07 21:20:17.190,39.8195,15.4338,288.5,3.0,ML
2014-08-08 09:26:42.830,38.4062,15.1808,173.2,3.1,ML
2014-08-09 03:22:06.870,38.6165,15.3607,213.8,2.6,ML
2014-08-15 10:19:32.780,38.7768,15.4557,183.2,2.6,ML
2014-08-17 00:27:53.520,38.783,15.0137,315.5,2.9,ML
2014-08-18 08:16:47.880,38.4205,15.1293,147.2,2.6,ML
2014-08-22 16:29:40.660,38.3803,15.4697,119.7,2.5,ML
2014-08-22 22:55:49.140,38.9752,15.2343,283.7,2.5,ML
2014-08-25 17:15:42.890,38.3658,15.4917,129.8,2.6,ML
2014-08-26 20:44:47.170,38.4097,15.335,133.5,2.6,ML
2014-08-27 16:59:03.890,39.5493,15.8482,273.8,3.8,ML
2014-08-28 11:01:44.570,39.0592,15.571,223.3,2.9,ML
2014-08-28 18:02:14.690,38.917,15.6242,219.9,3.2,ML
2014-08-31 16:33:26.950,38.3863,15.435,115.1,2.6,ML
2014-09-01 03:49:24.420,38.6525,15.5467,159.1,3.1,ML
2014-09-01 06:11:03.600,38.2247,14.8533,119.5,2.6,ML
2014-09-01 09:33:12.980,38.3908,15.4833,126.4,2.9,ML
2014-09-04 17:14:11.510,38.4727,15.5123,130.7,2.7,ML
2014-09-05 19:12:06.850,39.347,15.7647,214.2,2.6,ML
2014-09-09 14:42:48.250,38.7278,15.5783,187.0,3.0,ML
2014-09-13 14:39:26.840,38.3472,15.4607,119.8,2.5,ML
2014-09-17 00:00:22.870,38.7275,15.6925,104.6,3.2,ML
2014-09-18 04:59:01.700,38.4563,15.5228,135.3,2.6,ML
2014-09-20 11:52:33.760,38.8088,14.6933,340.4,3.0,ML
2014-09-21 20:23:00.750,39.5502,15.1232,342.3,2.6,ML
2014-09-23 08:48:12.490,38.7843,15.6852,98.8,2.8,ML
2014-09-23 15:57:50.800,38.318,14.792,136.5,2.5,ML
2014-09-25 20:36:24.860,38.4187,14.6203,215.6,2.7,ML
2014-09-27 13:48:27.820,39.5827,15.4607,270.0,2.5,Md
2014-09-30 19:58:12.020,38.9623,15.5067,205.7,2.9,ML
2014-09-30 21:08:31.390,39.39,15.3927,300.0,3.1,ML
2014-10-05 11:55:13.170,38.82,15.3913,178.2,2.5,ML
2014-10-08 10:16:27.940,38.4748,15.4203,117.4,2.5,ML
2014-10-13 11:32:47.930,38.9307,14.8418,346.7,3.0,ML
2014-10-16 10:27:42.760,38.595,15.3417,199.3,3.2,ML
2014-10-17 01:42:32.690,38.8423,15.7383,170.4,2.6,ML
2014-10-17 16:40:23.890,39.9122,15.725,284.0,3.4,ML
2014-10-23 08:53:26.020,39.3898,15.5663,244.7,3.3,ML
2014-10-26 04:19:18.230,38.3307,14.8943,154.3,2.6,ML
2014-10-27 21:17:18.310,38.4028,15.3557,115.6,2.7,ML
2014-10-31 16:06:47.330,39.4052,15.3507,253.8,2.8,ML
2014-11-02 09:01:07.410,38.6827,15.0178,297.2,2.8,ML
2014-11-07 08:54:37.360,38.4643,14.6485,236.9,3.0,ML
2014-11-08 11:14:18.010,38.5902,14.7777,283.2,3.2,ML
2014-11-10 22:45:27.210,38.4497,15.5125,133.1,2.6,ML
2014-11-11 04:58:14.300,38.4508,15.3575,161.5,2.5,ML
2014-11-13 06:45:11.880,38.8567,15.6907,100.0,2.8,ML
2014-11-13 22:32:45.850,40.1167,15.6047,298.1,3.7,ML
2014-11-16 16:43:40.370,38.4122,15.3157,134.4,2.5,ML
2014-11-19 18:58:02.560,38.4615,15.4748,135.4,2.5,ML
2014-11-26 12:44:12.970,39.6652,15.0307,348.1,2.7,ML
2014-11-27 08:31:20.390,38.6008,15.325,207.6,2.6,ML
2014-11-28 17:13:10.900,39.283,15.2793,242.8,2.6,ML
2014-12-01 22:36:39.950,38.3578,15.4542,123.7,2.5,ML
2014-12-10 00:39:45.010,39.3925,15.6022,259.5,2.5,Md
2014-12-10 11:04:08.950,38.3438,14.8217,122.4,2.5,ML
2014-12-14 14:33:27.670,40.4557,15.141,329.1,4.0,ML
2014-12-22 16:12:35.390,38.6148,14.7592,295.1,2.6,Md
2014-12-22 23:08:38.760,38.3612,15.4795,127.4,2.5,ML
2014-12-23 10:16:54.040,39.1658,15.6883,207.6,2.5,ML
2014-12-24 19:46:23.640,38.73,15.3403,240.8,2.5,ML
2014-12-24 21:42:53.040,39.2448,15.2662,290.0,2.6,ML
2014-12-25 10:14:17.940,38.4903,15.4612,162.8,3.1,ML
2014-12-27 02:03:48.570,38.5003,15.5097,137.0,2.5,ML
2014-12-27 15:07:14.220,38.7457,15.711,99.4,3.3,ML
2014-12-28 00:02:24.320,38.3278,15.1715,112.6,2.6,ML
2014-12-31 15:47:33.650,38.292,15.2018,121.3,2.5,ML
2015-01-01 19:48:01.810,41.567,14.4393,335.3,3.7,ML
2015-01-02 08:31:32.400,39.8685,15.5188,296.2,3.9,ML
2015-01-03 05:52:33.980,38.2552,15.2582,124.2,2.6,ML
2015-01-04 18:36:28.350,38.4578,15.3962,138.3,2.6,ML
2015-01-06 00:08:02.980,38.7148,14.9102,300.6,3.3,ML
2015-01-09 08:32:47.250,38.4462,15.3878,128.2,2.5,ML
2015-01-10 03:14:01.760,38.3243,15.2457,123.4,2.7,ML
2015-01-11 15:09:48.290,38.382,15.3603,142.1,2.6,ML
2015-01-12 19:05:54.790,38.3788,15.4513,120.0,2.5,ML
2015-01-14 01:27:09.150,38.9798,15.4462,194.1,3.0,ML
2015-01-16 01:19:52.720,38.652,14.942,268.3,2.6,Md
2015-01-19 10:40:15.880,39.0527,15.2657,296.0,2.8,ML
2015-01-21 04:47:54.810,38.3795,15.3938,119.1,2.5,ML
2015-01-22 08:59:25.170,38.5408,14.9283,202.6,2.7,ML
2015-01-29 14:11:16.850,39.3418,14.5673,404.4,3.3,ML
2015-02-06 08:52:27.300,38.6963,15.1562,255.8,4.7,Mw
2015-02-08 17:14:07.230,38.422,15.4362,123.3,2.7,ML
2015-02-08 20:20:37.100,40.0505,15.4527,308.5,2.7,ML
2015-02-12 07:43:36.030,39.2817,15.6703,225.4,2.7,ML
2015-02-13 22:12:19.230,39.0143,15.3308,270.6,2.6,ML
2015-02-15 06:57:11.330,38.3837,15.1783,117.2,2.5,ML
2015-02-16 00:34:43.540,38.9823,15.6942,185.2,2.8,ML
2015-02-16 18:10:12.530,38.7188,14.7795,282.9,3.1,ML
2015-02-26 09:30:38.180,38.3292,15.6157,90.2,3.3,ML
2015-03-01 20:37:39.690,38.3912,15.4223,123.3,2.6,ML
2015-03-10 23:59:59.130,38.8722,15.4,253.1,2.9,ML
2015-03-13 23:24:09.610,38.5168,15.4747,247.0,2.8,ML
2015-03-15 07:12:21.570,38.3317,15.4142,124.1,2.5,ML
2015-03-15 07:19:52.670,38.3552,15.4248,121.3,2.5,ML
2015-03-19 14:46:10.230,39.0107,15.4443,239.6,2.6,ML
2015-03-21 03:45:07.430,38.3757,15.3977,120.5,2.5,ML
2015-03-22 19:18:26.940,38.7425,15.7295,161.9,2.6,ML
2015-04-06 01:19:07.220,39.4127,15.4172,267.2,3.3,ML
2015-04-12 01:43:46.050,38.9628,15.7167,221.8,3.1,ML
2015-04-13 15:53:57.520,39.2213,14.5053,408.4,3.2,ML
2015-04-14 10:39:10.400,38.3163,14.8062,126.6,2.5,ML
2015-04-15 16:57:02.530,38.9063,15.4712,256.6,4.3,Mw
2015-04-23 17:05:07.590,39.2987,15.1783,316.4,2.9,ML
2015-04-24 08:23:04.480,39.2177,15.6137,217.8,2.5,ML
2015-04-26 13:49:34.710,39.9623,15.4637,298.8,2.9,ML
2015-04-29 07:03:15.760,38.7768,14.2283,417.3,3.6,ML
2015-05-03 08:42:48.960,38.7548,14.5997,329.6,2.6,ML
2015-05-06 01:30:30.600,38.5938,15.5495,154.7,2.5,ML
2015-05-08 09:57:50.830,38.7492,14.559,324.1,3.0,ML
2015-05-09 08:22:41.660,38.6048,15.3637,214.7,4.5,ML
2015-05-21 03:05:27.600,39.7133,15.5743,287.6,3.3,ML
2015-05-23 11:17:41.010,38.3367,14.8533,123.2,2.7,ML
2015-05-24 05:02:41.070,38.4328,15.3162,128.7,2.7,ML
2015-05-28 09:35:06.270,38.2972,15.2167,111.0,2.5,ML
2015-05-30 00:41:38.110,39.2483,15.1653,316.0,2.8,ML
2015-06-01 08:05:21.440,38.8382,15.2387,306.8,2.6,ML
2015-06-08 14:14:21.870,38.2967,15.2233,120.3,3.2,ML
2015-06-19 22:24:48.820,38.3323,15.4583,126.0,2.5,ML
2015-06-25 05:03:19.840,38.4087,15.3228,130.0,2.7,ML
2015-06-27 01:46:50.220,39.1352,14.8048,326.0,3.1,ML
2015-06-27 03:32:34.750,38.4023,15.2503,120.0,2.8,ML
2015-06-27 15:00:53.630,38.5817,15.4138,171.0,2.9,ML
2015-07-04 14:53:09.600,38.8002,15.0613,300.0,2.9,ML
2015-07-08 12:52:53.100,39.0887,15.4657,249.2,2.8,ML
2015-07-12 00:40:15.640,39.2807,15.3593,265.9,2.6,ML
2015-07-17 11:40:23.910,38.4788,14.7283,225.5,2.7,ML
2015-07-23 02:25:48.660,39.2167,15.6212,235.4,2.5,ML
2015-07-26 14:51:14.620,39.8832,15.5738,279.4,2.6,ML
2015-07-29 21:23:33.540,40.6005,15.4133,305.9,2.9,ML
2015-08-02 04:11:35.330,39.4695,15.5292,274.1,2.8,ML
2015-08-02 06:58:05.730,39.3998,15.7382,247.3,4.0,ML
2015-08-09 21:58:45.640,39.0742,15.2353,277.5,3.3,ML
2015-08-12 06:29:13.550,38.4292,15.4158,118.3,2.5,ML
2015-08-17 03:18:08.540,38.7662,15.628,161.5,2.5,ML
2015-08-17 06:24:49.940,39.1318,15.5807,226.5,2.5,ML
2015-08-20 23:48:48.660,38.3993,15.3138,132.8,2.6,ML
2015-08-21 14:38:31.960,38.3368,15.4197,127.3,2.5,ML
2015-08-31 00:05:40.440,38.6835,14.9815,263.4,3.1,ML
2015-09-05 20:25:36.440,38.5487,15.5442,91.0,2.5,ML
2015-09-07 10:09:28.010,38.304,15.6227,73.6,2.5,ML
2015-09-10 00:44:18.910,38.3938,15.3907,109.9,2.5,ML
2015-09-17 18:04:07.520,38.5935,15.0832,241.2,2.7,ML
2015-09-20 01:56:07.660,39.0633,15.4437,252.7,3.4,ML
2015-09-25 07:34:08.770,38.7898,14.9553,316.1,3.2,ML
2015-09-25 20:18:26.440,38.3973,15.4203,118.4,2.5,ML
2015-09-29 15:26:16.820,38.2532,14.8662,127.9,2.5,ML
2015-09-30 04:18:43.880,39.5222,15.7477,230.2,2.6,ML
2015-10-01 05:55:18.690,38.5375,15.4863,164.8,3.0,ML
2015-10-01 09:10:03.690,39.1642,15.3718,268.8,2.7,Md
2015-10-02 12:04:19.340,38.3913,15.3628,133.6,2.5,ML
2015-10-05 08:23:18.890,38.3943,15.4832,126.3,2.7,ML
2015-10-06 19:47:51.850,38.7353,15.7112,108.1,2.9,ML
2015-10-14 10:20:51.200,38.8163,14.833,300.7,4.2,ML
2015-10-16 00:16:23.650,39.4242,15.7312,249.6,4.4,Mw
2015-10-19 17:16:39.880,39.1328,15.6002,220.1,2.5,ML
2015-10-20 17:16:50.950,38.7193,15.6912,166.3,2.8,ML
2015-10-25 01:49:49.360,38.4935,15.5448,133.6,2.6,ML
2015-10-25 07:47:26.160,38.3815,15.4032,118.7,2.6,ML
2015-11-09 07:55:15.370,38.3633,15.4248,116.8,2.5,ML
2015-11-10 22:55:02.720,39.5383,15.667,272.5,2.5,ML
2015-11-12 22:56:36.920,38.8763,15.2708,271.0,2.8,ML
2015-11-13 20:24:54.500,38.8033,14.9672,287.6,3.0,ML
2015-11-17 17:58:59.640,39.3042,15.7335,116.6,2.5,ML
2015-11-22 17:20:33.270,38.4677,15.4553,120.7,2.6,ML
2015-11-24 11:44:05.840,38.8627,15.7388,111.9,3.2,ML
2015-11-24 23:33:12.180,38.705,15.6168,180.0,3.0,ML
2015-11-25 19:05:43.850,38.4785,15.5323,129.9,2.9,ML
2015-11-26 15:35:53.580,39.1413,15.4142,276.6,3.4,ML
2015-12-03 01:06:10.850,38.3795,15.2315,171.4,3.0,ML
2015-12-03 04:30:51.950,39.1632,15.6812,224.2,3.1,ML
2015-12-10 03:36:53.790,38.3758,15.4163,137.0,2.5,ML
2015-12-13 02:58:51.910,38.9775,15.7678,175.3,2.5,ML
2015-12-14 08:46:12.890,38.7268,15.7172,86.9,2.5,ML
2015-12-17 23:00:19.430,38.3428,14.5648,215.3,2.7,ML
2015-12-23 19:45:09.520,39.1487,15.6638,245.7,2.8,ML
2015-12-27 05:36:05.480,39.1605,15.4018,263.4,2.5,ML
2015-12-28 09:06:53.380,39.001,15.7452,174.1,2.7,ML
2016-01-02 01:05:18.430,39.1073,15.8175,228.2,2.9,ML
2016-01-05 01:21:25.850,38.3265,15.2445,163.3,2.5,ML
2016-01-05 14:02:42.300,38.6022,15.688,160.7,3.1,ML
2016-01-06 18:44:44.250,39.8397,15.5973,286.4,4.1,ML
2016-01-08 14:21:42.190,38.4417,15.5245,88.6,2.5,ML
2016-01-10 19:09:33.020,38.2102,14.9118,132.4,2.8,ML
2016-01-10 23:49:52.150,38.3388,15.4825,129.0,2.5,ML
2016-01-14 22:47:39.340,39.9455,15.6907,271.6,2.6,ML
2016-01-18 23:12:58.600,38.9518,15.1378,281.2,2.6,Md
2016-01-20 01:44:58.670,38.4563,15.5885,136.8,2.6,ML
2016-01-27 01:14:53.130,38.4227,15.3073,135.3,2.8,ML
2016-01-27 18:10:40.530,38.5202,15.4268,201.9,2.6,ML
2016-01-28 13:17:17.090,38.6723,15.2438,248.8,2.9,ML
2016-01-31 01:51:44.340,39.6843,15.7787,244.4,2.6,ML
2016-02-01 16:00:52.060,38.3653,15.4633,121.7,2.5,ML
2016-02-08 17:20:04.210,39.0155,15.8298,168.7,2.5,ML
2016-02-10 09:22:47.590,38.65,15.4765,127.6,2.6,ML
2016-02-15 16:18:31.610,38.627,14.9993,217.0,3.0,ML
2016-02-17 20:27:04.140,38.4347,15.4225,137.2,2.5,ML
2016-02-22 07:59:59.240,38.3305,15.5898,131.9,2.5,ML
2016-02-22 11:17:52.280,39.2678,15.4352,263.0,2.5,ML
2016-02-23 10:43:05.120,38.3273,15.133,126.8,2.5,ML
2016-02-23 16:50:26.890,38.4062,15.5222,128.5,2.7,ML
2016-02-24 03:10:51.400,38.7747,14.9767,284.3,3.1,ML
2016-03-03 08:21:39.870,38.4578,15.2363,155.6,2.5,ML
2016-03-07 09:03:09.130,38.4605,15.3837,147.9,2.6,ML
2016-03-08 10:09:22.570,39.08,15.4912,255.2,2.7,ML
2016-03-11 12:45:05.870,38.4362,15.385,113.4,2.7,ML
2016-03-11 19:45:59.470,38.3837,15.4912,127.0,2.8,ML
2016-03-17 00:24:00.900,39.5913,15.7103,283.1,2.8,ML
2016-03-25 18:25:31.960,38.78,15.0242,296.2,2.9,ML
2016-03-29 21:23:45.020,38.5893,15.3287,226.0,2.8,ML
2016-04-04 18:53:04.360,39.1018,15.5363,261.4,3.3,ML
2016-04-05 04:03:45.560,38.4942,14.6143,253.1,2.9,ML
2016-04-09 02:01:59.130,38.7413,15.6418,151.9,2.6,ML
2016-04-15 19:37:16.930,38.7683,15.0382,291.7,3.1,ML
2016-04-15 22:00:04.720,39.7998,15.8817,277.3,2.8,ML
2016-04-20 12:40:00.670,38.3923,15.4172,118.4,2.5,ML
2016-04-25 02:10:00.670,38.2558,15.236,116.6,2.8,ML
2016-04-30 00:27:11.900,38.5917,15.3112,206.0,2.5,ML
2016-04-30 08:32:09.730,38.7582,15.6775,103.7,2.9,ML
2016-05-09 01:42:27.270,38.5512,15.0957,165.4,2.6,ML
2016-05-10 23:38:47.250,38.6357,15.301,216.1,3.1,ML
2016-05-11 11:46:55.660,38.6168,15.6428,91.2,2.5,ML
2016-05-14 10:16:47.660,38.7452,15.6397,160.9,2.8,ML
2016-05-17 01:32:43.530,38.6467,15.5255,166.6,2.5,ML
2016-05-21 19:35:09.680,38.5723,14.8532,283.9,2.7,ML
2016-05-22 01:33:54.920,38.7602,15.6738,169.9,2.6,ML
2016-05-26 00:57:25.170,38.3808,15.4623,132.6,2.6,ML
2016-06-02 04:40:35.410,38.5068,15.4298,184.9,3.7,ML
2016-06-02 04:52:15.620,38.9418,15.3248,278.5,2.8,ML
2016-06-07 21:40:36.120,39.3925,14.6422,383.8,3.5,ML
2016-06-11 03:23:39.570,38.7332,15.3655,245.8,3.5,ML
2016-06-18 10:18:02.510,38.3303,15.181,118.0,2.5,ML
2016-06-20 05:42:13.160,38.3367,14.9283,155.8,2.9,ML
2016-06-21 05:15:15.000,38.7557,14.5438,333.7,3.0,ML
2016-06-25 03:17:21.700,38.4762,15.4933,132.2,2.5,ML
2016-06-27 21:00:49.770,38.9848,15.2878,276.3,3.1,ML
2016-06-29 17:39:46.600,38.9375,15.3812,276.5,3.4,ML
2016-07-04 10:22:02.940,38.8695,15.4435,251.0,3.3,ML
2016-07-12 12:51:31.300,39.1133,15.4068,278.0,2.7,ML
2016-07-15 20:05:59.190,38.5213,15.4772,163.1,2.9,ML
2016-07-21 04:45:51.950,38.2975,15.2112,115.6,3.3,ML
2016-07-22 03:57:29.030,38.8025,14.8425,319.7,3.2,ML
2016-08-04 10:14:17.530,38.7897,14.6518,321.5,3.6,ML
2016-08-07 00:43:39.140,39.822,15.2375,323.5,3.0,ML
2016-08-08 23:16:19.050,38.4045,15.4452,124.4,2.5,ML
2016-08-09 14:22:17.170,38.9707,15.6897,175.5,2.5,ML
2016-08-14 05:58:26.120,38.9262,15.1398,306.8,3.3,ML
2016-08-23 08:59:06.290,38.6058,14.9988,223.4,2.8,ML
2016-08-28 21:37:20.250,39.7378,15.8875,269.8,3.1,ML
2016-09-01 21:55:59.720,38.8403,15.6457,168.1,2.5,ML
2016-09-03 09:18:37.400,38.3652,15.7428,81.7,3.6,ML
2016-09-14 21:40:55.710,38.543,14.5833,308.6,2.5,ML
2016-09-17 00:17:23.910,38.5453,14.7222,265.7,2.7,ML
2016-09-17 20:36:29.240,38.7043,15.6478,101.1,2.6,ML
2016-09-20 11:39:50.510,38.3937,15.2868,134.3,2.5,ML
2016-09-27 04:41:10.120,38.6112,15.4432,202.1,2.6,ML
2016-10-28 20:02:43.150,39.2672,13.5468,481.4,5.8,ML
2016-10-29 11:58:04.730,39.9507,15.8397,275.5,4.1,ML
2016-11-03 18:13:04.100,39.1872,15.5055,242.7,2.6,ML
2016-11-15 21:58:10.150,38.3938,15.5007,125.8,3.0,ML
2016-11-25 21:09:11.690,39.1302,15.5393,261.7,3.5,ML
2016-11-26 13:19:19.830,39.9202,15.8247,271.0,2.9,ML
2016-11-29 14:13:59.780,38.3405,15.148,170.9,2.8,ML
2016-12-14 03:30:24.240,38.4202,15.2988,128.7,2.7,ML
2016-12-23 05:17:10.760,39.5012,15.5743,272.5,2.8,ML
2016-12-24 01:23:38.520,39.1875,15.2697,302.8,2.8,ML
2016-12-26 07:38:48.830,38.4687,15.4622,151.2,2.6,ML
2017-01-01 13:15:29.990,38.1858,14.8502,120.0,2.6,ML
2017-01-05 07:44:17.360,38.4837,15.529,132.3,2.5,ML
2017-01-07 12:30:59.130,38.8203,15.1793,251.6,2.9,ML
2017-01-09 17:03:04.020,38.3257,14.8242,122.8,2.5,Md
2017-01-20 09:30:59.480,38.4067,14.8905,191.0,3.4,ML
2017-01-21 11:05:43.990,39.542,15.6817,270.9,3.2,ML
2017-01-22 15:05:58.510,39.0398,15.6893,107.3,2.8,ML
2017-01-27 11:33:38.920,38.3593,15.4187,118.0,2.5,ML
2017-01-29 05:32:43.680,38.4782,15.3032,130.3,2.6,ML
2017-02-01 07:29:10.100,39.1467,15.6618,236.0,2.8,ML
2017-02-05 09:02:12.800,38.6158,15.6092,85.6,2.5,ML
2017-02-08 01:52:39.450,38.4368,15.5117,168.1,2.8,ML
2017-02-08 20:56:49.920,39.5012,15.5803,259.6,2.8,ML
2017-02-12 01:18:33.810,39.2327,15.581,242.5,2.5,ML
2017-02-14 03:43:29.350,38.2052,14.8453,122.6,2.5,ML
2017-02-14 22:49:51.140,39.4485,15.8052,232.0,2.6,ML
2017-02-15 10:33:26.600,38.6198,15.328,216.0,2.5,ML
2017-02-16 23:10:26.940,39.3917,15.4178,253.6,2.5,ML
2017-02-16 23:40:29.410,38.5413,15.3603,186.8,2.7,ML
2017-02-21 21:36:57.070,38.9517,15.6047,185.6,2.7,ML
2017-02-24 14:21:35.330,38.9245,15.7845,107.6,3.1,ML
2017-03-01 03:53:22.590,38.4117,15.2933,129.4,2.6,ML
2017-03-11 12:35:32.180,39.7823,15.8887,277.0,3.4,ML
2017-03-20 21:59:44.090,38.9283,15.2602,264.8,2.7,ML
2017-03-24 17:47:43.310,39.6893,15.4922,306.6,2.5,ML
2017-03-24 22:44:46.230,38.6618,15.1808,239.8,2.5,ML
2017-04-14 21:10:46.710,38.6945,14.7198,307.3,2.9,ML
2017-04-16 21:16:47.250,38.3172,15.1433,137.7,2.6,ML
2017-04-19 04:01:59.890,39.0443,15.2428,273.6,2.8,ML
2017-04-19 06:28:01.800,38.4507,15.1568,162.3,2.7,ML
2017-04-23 23:42:15.390,39.2147,15.723,232.4,3.1,ML
2017-05-07 11:57:30.570,38.4792,15.1398,182.7,2.9,ML
2017-05-07 14:57:55.950,38.4522,14.8907,191.4,2.8,ML
2017-05-11 16:15:20.920,39.5068,15.841,262.3,3.0,ML
2017-05-27 23:53:00.340,39.7597,15.8275,272.7,3.0,ML
2017-05-28 12:45:42.070,38.6447,15.6337,166.0,3.3,ML
2017-05-28 17:21:34.350,38.4123,15.3988,115.3,2.5,ML
2017-06-05 01:33:26.240,39.0928,14.5543,371.3,2.5,ML
2017-06-11 05:53:56.830,38.4287,15.3537,169.0,2.7,ML
2017-06-13 05:17:40.860,39.3215,15.528,275.8,3.3,ML
2017-06-14 18:31:53.150,38.4288,15.2927,130.8,2.6,ML
2017-06-17 07:57:35.560,38.2968,15.2072,116.4,2.5,ML
2017-07-07 18:34:00.690,39.1472,15.6315,234.9,2.5,ML
2017-07-15 18:36:34.100,38.5023,15.5218,162.3,2.7,ML
2017-07-30 16:58:51.180,39.6243,15.6432,277.7,3.1,ML
2017-08-07 18:38:39.930,38.5292,15.0233,161.4,2.5,ML
2017-08-08 21:46:29.610,39.9497,15.5833,273.8,2.5,ML
2017-08-09 20:40:17.030,39.2063,15.502,271.3,2.7,ML
2017-08-11 02:38:34.000,39.2918,15.8505,229.8,4.3,Mw
2017-08-16 15:41:04.810,38.4652,15.4725,134.1,2.6,ML
2017-08-21 23:44:08.490,39.4387,15.3607,295.8,2.8,ML
2017-09-04 00:51:58.150,38.267,15.538,84.6,2.8,ML
2017-09-18 00:53:47.050,38.3388,15.5243,130.1,3.1,ML
2017-10-02 01:26:57.540,38.806,14.9833,290.5,3.7,ML
2017-10-10 12:25:40.840,38.2807,15.1888,167.1,2.5,ML
2017-10-14 06:08:11.620,39.0523,15.2212,274.5,2.5,ML
2017-10-14 07:12:21.850,39.0017,15.3922,268.6,3.5,ML
2017-10-18 13:10:55.960,39.7998,15.6328,280.2,3.7,ML
2017-10-22 22:44:41.850,39.0227,15.2772,273.1,2.8,ML
2017-10-25 21:12:30.090,38.9082,15.6743,169.8,2.5,ML
2017-10-28 10:58:08.150,38.7257,15.6128,161.3,2.5,ML
2017-10-29 06:51:49.590,38.4743,15.5103,131.8,2.5,ML
2017-11-01 22:28:31.050,39.5428,15.1832,329.8,2.8,ML
2017-11-01 23:12:31.280,40.2823,13.5307,468.4,3.7,ML
2017-11-04 03:22:27.300,38.3673,15.5227,129.8,3.2,ML
2017-11-07 16:56:55.890,39.2378,15.6078,239.8,2.6,ML
2017-11-22 03:59:04.110,38.7722,14.9532,286.2,2.7,ML
2017-11-26 14:36:19.770,39.0493,15.1137,286.6,2.8,ML
2017-11-30 19:58:34.760,38.421,15.4652,122.7,2.5,ML
2017-12-08 11:36:04.170,38.2033,14.8527,117.8,2.7,ML
2017-12-23 19:52:31.320,38.5413,15.6097,156.5,2.7,ML
2017-12-26 06:57:56.020,39.8798,15.6098,286.9,2.6,ML
2017-12-27 03:35:50.230,38.4043,15.4438,132.6,2.5,ML
2017-12-31 02:29:12.420,38.7748,14.9533,293.4,2.8,ML
2018-01-02 07:17:02.260,38.4483,15.302,131.4,2.5,ML
2018-01-03 22:28:05.530,38.6197,15.0753,300.8,2.5,ML
2018-01-05 06:25:21.030,38.4183,15.3773,154.9,3.1,ML
2018-01-09 23:22:01.890,38.9272,15.7203,109.3,2.8,ML
2018-01-16 23:26:42.570,38.4795,15.5012,130.8,2.6,ML
2018-01-21 05:26:34.530,39.7597,15.7418,278.1,2.8,ML
2018-01-23 12:41:58.120,39.4767,15.6248,260.1,2.8,ML
2018-01-24 21:39:46.250,38.9888,15.6802,196.9,2.7,ML
2018-01-27 18:29:13.470,38.9632,16.3427,78.5,3.7,ML
2018-01-31 21:50:12.100,38.4668,15.5278,134.0,2.5,ML
2018-02-14 14:42:07.410,38.6245,15.2607,196.5,2.5,ML
2018-02-14 17:53:32.040,39.0607,15.747,116.0,3.1,ML
2018-02-14 23:03:38.610,38.8232,15.435,203.1,2.6,ML
2018-02-15 19:16:00.720,40.4252,15.1018,328.4,3.1,ML
2018-02-16 11:21:48.520,39.7797,15.5733,293.6,4.0,ML
2018-02-22 03:01:58.750,38.3327,15.4452,122.2,2.6,ML
2018-03-07 20:15:15.400,39.325,14.5012,379.0,4.4,ML
2018-03-22 23:40:24.660,39.239,15.4663,267.4,3.7,ML
2018-03-26 02:25:48.410,39.6485,15.4733,250.7,2.8,ML
2018-03-31 03:51:21.810,38.4737,15.5227,133.6,2.5,ML
2018-04-07 15:45:08.520,38.8617,15.3157,272.3,2.7,ML
2018-04-10 13:11:23.920,38.5197,14.8328,241.9,2.9,ML
2018-04-18 19:58:38.620,39.5317,15.6698,267.3,3.3,ML
2018-04-21 01:13:28.700,38.5827,15.4808,174.2,2.5,ML
2018-04-23 06:46:50.450,40.0168,16.0205,238.0,2.5,ML
2018-04-29 13:53:57.460,38.6075,15.3237,188.5,2.5,ML
2018-05-07 12:44:26.370,38.6147,15.3325,220.1,2.6,ML
2018-05-14 06:19:51.830,38.7552,15.0373,260.9,2.6,ML
2018-05-16 14:45:03.110,39.0073,14.6678,354.5,3.2,ML
2018-05-19 17:10:50.670,38.6818,15.609,170.2,2.9,ML
2018-05-24 00:01:24.420,39.5215,15.6853,272.9,3.0,ML
2018-05-31 05:04:35.410,39.6032,15.6653,270.8,2.9,ML
2018-06-04 15:22:09.100,39.0528,15.3532,260.0,2.6,ML
2018-06-04 22:33:52.250,39.1688,14.5312,395.0,2.7,ML
2018-06-20 06:03:32.900,40.5858,15.069,321.7,3.1,ML
2018-07-08 19:39:00.150,38.3678,14.6758,206.6,2.5,ML
2018-07-09 05:10:44.600,39.5322,15.4833,276.8,2.6,ML
2018-07-11 00:02:29.430,38.3292,15.2255,110.8,2.5,ML
2018-07-21 09:27:50.080,39.8943,15.6828,286.2,3.3,ML
2018-07-29 23:15:10.840,38.5832,15.7403,88.0,3.7,ML
2018-07-31 15:20:30.550,38.4327,15.2383,181.6,3.0,ML
2018-08-07 18:33:56.640,39.069,15.8287,188.6,2.6,ML
2018-08-17 23:48:44.050,39.0755,15.5768,246.6,2.7,ML
2018-08-19 06:29:05.100,39.349,13.3662,525.7,4.6,ML
2018-08-21 12:04:00.690,38.8337,14.6103,353.1,3.1,ML
2018-08-27 19:45:17.460,38.7838,15.6843,107.3,2.8,ML
2018-09-02 23:15:05.210,39.202,15.7073,225.0,2.6,ML
2018-09-03 02:56:24.570,38.9835,15.1877,274.0,2.6,ML
2018-09-23 02:27:22.040,38.56,15.5383,160.2,2.9,ML
2018-09-23 13:54:37.390,39.4578,15.6182,255.6,2.7,ML
2018-09-26 22:50:24.960,38.6047,14.9643,254.6,3.4,ML
2018-09-27 22:13:28.500,39.0692,15.5788,212.2,2.8,ML
2018-09-28 18:58:56.280,39.8098,15.4292,316.5,3.3,ML
2018-09-30 01:56:52.020,38.6498,14.7933,256.2,2.9,ML
2018-10-04 07:07:17.300,39.5383,15.2128,356.9,3.2,ML
2018-10-07 20:25:47.440,39.0083,15.3693,270.9,2.6,ML
2018-10-10 06:06:36.820,38.989,15.5158,211.9,2.5,ML
2018-10-11 14:49:45.700,38.2655,14.6822,169.4,2.6,ML
2018-10-18 18:34:18.120,39.9643,15.5033,296.8,3.0,ML
2018-10-20 16:42:59.460,38.4187,15.2965,143.2,2.7,ML
2018-11-01 17:51:37.710,38.3747,15.4277,118.7,2.5,ML
2018-11-03 02:04:51.900,39.2132,15.2063,331.4,2.7,ML
2018-11-09 21:00:48.450,38.5717,15.2493,199.4,2.5,ML
2018-11-17 19:25:28.780,39.0558,15.232,304.5,3.0,ML
2018-11-22 07:35:08.630,40.1052,14.461,441.9,3.7,ML
2018-11-25 19:32:08.480,39.1448,15.3608,288.1,3.3,ML
2018-11-26 01:55:58.340,38.388,15.1853,115.5,2.5,ML
2018-12-01 20:05:05.140,38.3928,15.32,128.7,2.6,ML
2018-12-02 02:23:41.570,39.4252,15.3928,269.2,2.7,ML
2018-12-07 03:16:44.030,39.2892,14.2883,423.6,3.1,ML
2018-12-07 10:58:57.740,38.3165,14.5413,215.5,2.8,ML
2018-12-08 04:54:34.550,39.2788,15.4888,261.4,2.8,ML
2018-12-16 12:34:15.410,38.5292,14.5667,252.6,3.0,ML
2018-12-19 16:48:53.290,38.4257,14.8968,189.0,2.8,ML
2018-12-21 06:24:07.720,38.2623,14.8402,139.8,3.0,ML
2018-12-26 17:48:09.760,38.6413,14.8098,263.6,3.5,ML
2019-01-06 02:54:08.470,38.7098,15.6907,103.9,3.6,ML
2019-01-09 00:40:11.170,38.2237,14.9017,135.0,2.6,ML
2019-01-12 11:20:33.510,39.306,15.4177,279.8,3.6,ML
2019-01-13 06:59:24.380,39.1285,15.2432,307.9,2.6,ML
2019-01-14 19:19:31.350,38.8555,15.455,219.3,2.7,ML
2019-01-18 19:04:08.710,39.247,15.8048,224.5,3.2,ML
2019-01-23 14:31:37.760,38.6622,15.6037,221.4,2.7,ML
2019-01-25 15:52:07.520,38.6288,15.4303,215.7,3.8,ML
2019-02-05 17:49:00.050,38.6393,15.0717,246.1,3.1,ML
2019-02-11 03:18:19.900,38.6497,14.7925,303.6,2.8,ML
2019-02-22 13:35:21.250,38.5022,15.5653,91.0,2.5,ML
2019-02-26 07:29:11.060,39.28,15.3698,304.9,2.9,ML
2019-02-27 02:13:12.430,38.3665,15.4263,117.7,2.6,ML
2019-02-28 14:03:35.480,39.3948,15.4573,290.1,2.7,ML
2019-03-04 14:32:35.180,38.8247,15.7243,101.5,3.0,ML
2019-03-22 11:37:52.250,38.9978,15.7452,97.0,2.6,ML
2019-03-31 17:38:59.150,40.9068,15.0318,338.7,2.8,ML
2019-04-02 23:51:29.430,38.8487,15.6762,204.6,2.9,ML
2019-04-03 23:05:49.950,38.6492,14.8212,301.1,2.5,ML
2019-04-04 21:29:30.530,38.2658,14.8197,116.6,2.5,ML
2019-04-22 16:50:57.000,38.4243,15.3708,115.7,2.8,ML
2019-04-30 18:51:48.210,39.1018,15.7078,217.8,2.8,ML
2019-05-04 04:41:46.810,39.7213,15.5377,290.9,3.1,ML
2019-05-04 07:03:47.650,38.4437,15.2398,168.1,2.9,ML
2019-05-09 20:14:50.250,38.3842,15.3902,120.8,2.5,ML
2019-05-11 19:29:21.050,38.5142,15.3978,191.8,2.7,ML
2019-05-15 21:22:37.670,39.541,15.6422,253.3,2.9,ML
2019-05-18 20:02:04.270,38.3732,15.4252,120.4,2.7,ML
2019-05-21 04:20:36.820,39.1992,15.4892,262.4,2.6,ML
2019-05-28 10:44:25.910,38.4383,15.314,126.1,2.8,ML
2019-05-30 16:48:49.760,39.829,15.8667,279.4,3.3,ML
2019-05-30 21:45:23.850,39.1757,15.378,267.0,2.5,ML
2019-05-31 10:43:15.950,39.4202,15.4163,288.8,2.8,ML
2019-06-01 23:20:14.710,39.8162,15.8037,276.9,2.6,ML
2019-06-04 09:20:34.560,39.7038,15.5032,288.7,2.6,ML
2019-06-07 18:00:11.940,38.6868,14.8578,192.6,2.5,ML
2019-06-09 14:32:33.320,38.2418,15.6458,75.4,2.9,ML
2019-06-12 01:10:21.930,39.6092,15.8563,261.4,3.1,ML
2019-06-12 15:50:38.230,38.7968,15.6493,165.4,2.5,ML
2019-06-18 00:53:07.370,39.0702,14.8752,354.8,2.7,ML
2019-06-27 15:51:19.850,39.8523,15.367,292.2,2.7,ML
2019-07-01 02:23:16.090,38.9255,14.5447,331.5,2.5,ML
2019-07-21 19:26:04.850,38.5132,15.5178,152.9,2.8,ML
2019-08-02 05:07:41.360,38.6285,15.6885,103.2,3.4,ML
2019-08-08 21:26:27.250,38.4002,15.3097,130.5,2.6,ML
2019-08-16 06:58:06.010,38.456,15.4542,143.5,2.7,ML
2019-08-17 21:35:10.740,38.7145,14.7475,299.8,3.6,ML
2019-08-21 18:00:30.250,38.4313,15.0932,157.4,2.9,ML
2019-08-28 12:49:16.650,38.9062,15.5397,200.7,2.8,ML
2019-08-29 18:22:48.880,39.1188,15.5012,257.4,2.8,ML
2019-09-09 02:57:47.750,39.3232,15.5903,266.0,4.2,ML
2019-09-09 10:24:12.390,39.096,15.8647,113.5,3.3,ML
2019-09-12 19:59:10.390,38.276,15.244,116.4,2.5,ML
2019-09-15 20:43:37.640,38.6793,15.2107,258.0,2.9,ML
2019-09-16 22:39:27.230,39.6873,16.0008,268.3,3.2,ML
2019-09-21 19:55:44.220,40.3645,15.1498,327.5,4.3,ML
2019-09-21 22:01:06.440,39.2427,15.3322,287.8,2.5,ML
2019-09-28 18:25:19.500,38.4223,15.2497,146.6,2.6,ML
2019-10-07 02:36:13.610,38.8293,15.6357,176.6,2.5,ML
2019-10-09 14:11:31.230,38.3085,15.0682,202.6,3.0,ML
2019-10-11 13:49:34.470,38.2652,15.309,116.0,2.9,ML
2019-10-14 20:42:41.180,38.8322,14.8713,297.1,3.8,ML
2019-10-28 15:40:33.820,39.1517,15.2642,288.2,2.5,ML
2019-10-28 22:11:11.450,38.72,15.5292,207.0,2.6,ML
2019-11-07 22:45:49.230,39.4943,15.9063,241.1,3.2,ML
2019-11-10 12:48:33.170,38.769,15.5368,189.5,2.6,ML
2019-11-15 01:09:49.730,38.265,15.2827,130.2,2.5,ML
2019-11-23 13:43:07.770,38.3597,15.4197,117.6,2.5,ML
2019-12-03 18:08:22.190,38.2747,14.8438,146.7,2.6,ML
2019-12-11 15:29:55.230,39.5102,15.1228,334.9,3.3,ML
2020-01-03 11:10:50.480,38.4557,15.4343,143.7,3.9,ML
2020-01-04 02:13:33.800,39.76,16.2302,84.4,2.8,ML
2020-01-07 07:53:34.560,38.4318,15.4088,157.2,2.7,ML
2020-01-09 10:59:41.120,38.2908,15.2388,116.2,2.6,ML
2020-01-13 01:22:42.140,39.0083,15.3138,261.3,2.5,ML
2020-01-18 14:12:06.200,39.8693,15.8812,276.8,3.3,ML
2020-01-23 04:32:32.790,39.5305,15.8818,273.7,3.8,ML
2020-01-23 16:20:11.050,39.2085,15.2637,262.4,2.5,ML
2020-02-03 20:08:15.140,38.5747,15.0155,232.3,3.0,ML
2020-02-12 23:40:19.310,39.3392,15.4662,240.5,2.5,ML
2020-02-16 11:10:57.280,38.7427,15.5978,197.0,2.7,ML
2020-02-27 05:27:39.620,38.6717,15.3013,232.8,3.7,ML
2020-03-09 19:46:20.220,38.9692,15.1853,292.1,2.6,ML
2020-03-15 11:29:01.000,39.5498,13.6737,499.1,4.4,ML
2020-03-29 03:55:15.190,38.2003,14.7733,120.4,2.5,ML
2020-04-19 01:56:19.230,39.7602,15.7712,272.6,3.2,ML
2020-04-21 06:00:08.130,39.3322,15.7027,223.8,2.8,ML
2020-04-27 11:24:54.410,39.1648,15.4082,271.7,2.8,ML
2020-05-29 10:37:03.660,38.9243,15.8037,172.5,3.0,ML
2020-06-01 12:16:04.190,38.5458,15.6008,155.4,2.9,ML
2020-06-21 20:04:32.790,39.9432,15.9807,272.9,3.5,ML
2020-06-26 06:49:34.180,38.1987,14.8337,120.1,2.6,ML
2020-06-29 10:01:39.700,39.2605,15.3775,288.3,3.3,ML
2020-07-03 17:08:01.050,38.4595,15.5142,134.0,2.6,ML
2020-07-08 01:44:46.050,39.2353,15.6142,219.7,2.6,ML
2020-07-16 08:17:02.050,38.7828,14.821,301.7,3.0,ML
2020-07-21 21:58:25.200,38.3963,15.2807,166.3,2.9,ML
2020-07-25 11:27:13.890,39.167,15.43,274.1,2.8,ML
2020-07-27 18:43:40.850,39.0947,15.4125,275.8,2.5,ML
2020-07-29 01:41:21.520,39.7282,15.4523,291.5,2.5,ML
2020-07-29 17:24:25.830,39.7227,15.4778,285.3,2.9,ML
2020-07-29 22:38:29.890,39.2902,15.5212,288.3,2.8,ML
2020-08-04 10:06:43.400,38.7698,15.6555,156.9,2.6,ML
2020-08-21 06:44:55.090,38.7303,15.4632,177.2,2.7,ML
2020-08-24 23:02:07.390,39.8733,15.7187,290.6,3.5,ML
2020-09-02 15:44:17.900,40.7223,15.0942,327.3,3.0,ML
2020-09-03 15:07:43.380,38.393,15.4717,128.9,3.1,ML
2020-09-06 06:39:27.950,39.5518,16.1362,72.5,2.8,ML
2020-09-19 16:40:21.920,38.5288,15.3653,210.7,2.5,ML
2020-09-21 18:49:01.850,39.4922,15.6998,263.7,2.9,ML
2020-09-22 16:00:21.170,38.3448,15.4027,121.2,2.5,ML
2020-09-23 13:45:12.450,39.3027,14.0537,479.0,3.3,ML
2020-09-24 22:38:50.490,38.8633,15.6197,216.5,3.4,ML
2020-10-24 02:50:07.800,38.7657,15.0235,294.9,2.6,ML
2020-10-24 12:38:23.210,39.2933,15.506,270.0,2.6,ML
2020-10-27 09:48:57.890,39.7797,15.3483,309.4,3.2,ML
2020-10-30 21:57:42.730,39.0677,15.3607,274.3,2.5,ML
2020-11-02 14:45:08.800,38.3493,15.0945,145.6,2.5,ML
2020-11-10 00:11:47.190,38.4698,15.5117,132.1,2.5,ML
2020-11-11 00:25:26.960,38.8618,15.599,79.7,2.5,ML
2020-11-11 21:33:15.980,39.019,15.4222,280.2,2.8,ML
2020-11-13 12:08:38.140,39.1653,15.302,269.4,2.9,ML
2020-11-21 00:53:21.620,39.0188,15.5857,187.3,2.5,ML
2020-12-04 10:00:42.320,39.1547,15.605,248.2,2.9,ML
2020-12-06 01:49:58.080,39.995,13.1753,477.4,3.8,ML
2020-12-09 06:55:22.970,38.5812,15.2108,194.7,2.6,ML
2020-12-09 22:18:00.770,38.3483,15.4193,118.2,2.7,ML
2020-12-17 09:09:03.680,39.5397,15.4845,276.7,2.7,ML
2020-12-18 10:23:23.930,38.5778,15.5568,162.3,3.0,ML
2020-12-19 11:29:25.650,39.0048,15.4678,233.9,2.9,ML
2020-12-25 16:33:56.460,38.7993,15.3057,275.0,2.6,ML
2021-01-04 06:22:03.000,38.4678,15.5035,129.5,2.6,ML
2021-01-07 10:05:14.950,38.4443,15.5167,149.8,3.2,ML
2021-01-10 01:02:05.210,38.7328,15.5623,222.0,3.2,ML
2021-01-12 15:18:06.520,38.8017,15.7012,164.7,2.7,ML
2021-01-14 12:16:15.310,40.1847,15.7912,272.8,3.2,ML
2021-01-28 00:40:59.890,39.2705,15.645,260.5,2.9,ML
2021-02-14 18:37:02.140,38.2753,15.2548,114.0,2.6,ML
2021-02-20 20:23:40.210,38.4382,15.4543,146.4,2.5,ML
2021-02-24 16:14:40.910,39.424,15.4562,298.4,2.6,ML
2021-02-25 04:18:23.300,38.4578,15.4345,157.0,3.4,ML
2021-02-28 22:45:51.420,39.7405,16.0808,225.7,3.0,ML
2021-03-01 07:13:35.900,39.3545,15.7702,255.1,3.5,ML
2021-03-03 05:36:22.240,38.7367,15.6747,99.6,2.6,ML
2021-03-06 02:18:25.300,38.4433,15.4297,146.6,2.6,ML
2021-03-08 08:41:08.780,38.6257,15.5602,162.2,2.8,ML
2021-03-20 16:40:34.140,39.8927,15.8163,279.0,2.8,ML
2021-04-01 13:10:24.060,39.2215,15.3865,277.9,2.6,ML
2021-04-02 06:08:19.470,38.9008,15.5942,214.6,3.0,ML
2021-04-04 23:33:20.350,38.3368,15.0018,158.0,2.5,ML
2021-04-08 14:27:26.960,38.7605,15.6313,159.3,2.6,ML
2021-05-01 19:18:01.570,38.8213,14.8582,301.3,3.5,ML
2021-05-02 22:56:03.710,39.2647,15.63,241.4,2.7,ML
2021-05-03 02:07:07.080,38.8923,14.1387,421.1,3.5,ML
2021-05-03 13:53:51.860,38.7733,15.3493,197.9,3.2,ML
2021-05-05 05:07:49.600,38.9885,15.6673,216.5,3.4,ML
2021-05-12 22:35:38.040,38.9285,15.6587,194.6,3.1,ML
2021-05-17 20:11:43.600,38.3678,15.2027,133.2,2.6,ML
2021-05-23 14:34:36.180,39.0342,15.2162,273.4,2.7,ML
2021-05-24 05:09:22.840,38.6877,15.7203,170.0,3.1,ML
2021-06-01 08:57:41.490,39.2313,15.4713,273.2,3.2,ML
2021-06-08 13:35:36.140,38.3892,15.2038,165.9,2.9,ML
2021-06-12 17:02:30.820,39.3377,15.4028,286.7,2.7,ML
2021-06-25 11:38:37.880,38.3742,15.4048,118.5,2.7,ML
2021-06-27 02:05:39.620,38.4268,15.3038,141.1,2.5,ML
2021-07-13 13:07:22.920,39.6848,12.8603,535.4,3.3,Md
2021-07-18 04:41:15.550,38.5462,15.6422,97.4,2.9,ML
2021-07-22 23:41:08.710,39.5142,15.4772,276.1,2.8,ML
2021-07-23 22:52:25.370,39.4237,15.5832,277.1,3.9,ML
2021-07-27 19:31:05.690,38.3678,15.1997,141.2,2.9,ML
2021-07-28 07:05:47.090,38.0772,15.7372,70.2,2.9,ML
2021-08-09 15:44:17.410,38.6123,15.3328,200.4,2.7,ML
2021-08-17 10:21:42.240,38.6693,14.6427,301.5,3.6,ML
2021-08-19 05:30:20.170,38.9775,15.7625,207.3,4.5,Mw
2021-08-20 09:01:43.740,38.7308,14.9633,288.0,2.6,ML
2021-08-23 14:22:35.670,40.0208,15.6135,277.7,2.9,ML
2021-08-26 03:23:24.940,38.7658,15.6627,96.2,2.5,ML
2021-08-28 11:55:53.570,38.5222,15.5555,89.4,2.5,ML
2021-08-30 16:57:19.100,39.395,15.1248,338.1,3.3,ML
2021-08-31 16:42:29.060,39.5672,15.6307,295.0,3.2,ML
2021-09-02 20:16:11.470,38.8173,15.6178,188.8,2.5,ML
2021-09-12 02:38:24.940,38.7908,14.9677,291.8,2.7,ML
2021-09-15 14:35:28.230,38.2062,14.8453,122.2,3.1,ML
2021-09-18 04:08:18.150,38.6327,15.2612,193.6,2.6,ML
2021-09-21 01:50:46.660,38.4002,15.3003,166.5,2.5,ML
2021-10-01 04:52:29.370,38.3252,15.4098,122.1,2.5,ML
2021-10-02 00:49:38.430,38.2373,14.8027,131.1,2.6,ML
2021-10-14 14:44:08.610,38.2993,15.1457,121.4,2.9,ML
2021-10-17 02:19:44.490,38.5695,14.8545,233.6,2.5,ML
2021-10-20 12:08:23.020,38.5513,15.4677,185.9,3.6,ML
2021-10-24 14:29:53.400,39.0002,15.2608,280.4,3.1,ML
2021-10-26 17:53:34.940,38.7468,14.8877,293.4,3.3,ML
2021-11-11 07:33:28.590,38.3252,15.0037,146.2,2.6,ML
2021-11-13 14:48:17.530,39.4313,15.287,316.2,2.6,ML
2021-11-15 19:53:47.830,39.1903,15.5688,253.9,2.7,ML
2021-11-17 20:12:12.570,38.6245,15.4108,195.8,3.4,ML
2021-11-18 13:27:19.680,39.278,15.2685,311.3,2.8,ML
2021-11-24 13:20:57.380,39.2337,15.8627,121.0,2.9,ML
2021-11-24 20:25:05.920,39.3188,15.161,306.0,2.6,ML
2021-12-01 22:44:12.390,38.5385,14.9278,228.3,3.8,ML
2021-12-02 06:15:23.970,38.4725,15.4937,136.2,2.8,ML
2021-12-21 14:53:59.800,39.1168,15.3488,271.4,2.7,ML
2021-12-24 01:47:45.750,39.9977,15.6493,291.7,2.6,ML
2021-12-31 21:38:47.870,38.5158,15.5088,158.5,2.6,ML
2022-01-16 03:42:26.860,38.6997,15.2308,263.0,3.0,ML
2022-01-18 18:52:18.930,38.7128,14.1878,404.9,3.3,ML
2022-01-22 05:46:55.620,40.0588,15.6122,297.6,3.1,ML
2022-01-22 21:34:13.280,38.8585,14.9098,304.8,3.5,ML
2022-01-23 03:22:00.130,38.2857,15.2132,116.4,2.7,ML
2022-01-24 05:01:58.400,38.7547,15.0193,277.3,3.1,ML
2022-02-05 01:16:09.990,38.7457,15.6772,161.5,2.5,ML
2022-02-05 10:30:03.700,38.8967,14.7267,326.0,2.9,ML
2022-02-17 16:13:05.510,39.4992,15.4512,258.9,2.6,ML
2022-03-04 21:17:52.530,38.5947,15.6958,171.4,4.1,ML
2022-03-08 17:26:30.010,40.6385,15.1168,328.9,3.2,ML
2022-03-11 09:03:21.250,38.958,15.1602,283.0,3.0,ML
2022-03-12 09:39:23.950,39.1318,15.7227,117.1,2.5,ML
2022-03-13 17:20:03.190,38.2837,15.2182,110.3,2.5,ML
2022-03-15 20:43:16.320,39.4827,15.5382,264.7,2.9,ML
2022-03-29 01:48:14.940,38.9772,14.0828,416.6,4.0,ML
2022-03-30 18:01:33.830,38.548,14.7058,258.6,3.8,ML
2022-04-16 09:15:57.540,39.2313,15.2532,283.1,2.7,ML
2022-04-25 02:13:35.270,38.6978,15.2093,247.0,2.5,ML
2022-05-01 16:34:28.510,39.4452,15.558,287.8,3.1,ML
2022-05-05 09:27:05.700,39.5923,15.8628,246.4,2.7,ML
2022-05-07 18:46:44.500,39.0032,15.1758,285.1,2.9,ML
2022-05-20 13:49:43.870,38.3838,15.1223,160.3,2.7,ML
2022-05-21 05:58:36.940,39.819,15.3867,289.8,2.6,ML
2022-05-22 23:43:41.090,39.7085,15.6448,273.1,2.5,ML
2022-05-24 06:18:48.790,38.6252,15.4653,166.5,2.6,ML
2022-05-27 08:09:17.390,39.3717,15.3537,286.7,2.6,ML
2022-06-02 08:40:38.540,38.4797,15.5798,158.1,3.2,ML
2022-06-02 15:13:18.830,39.3515,14.1462,470.5,3.2,ML
2022-06-05 22:56:25.890,39.5782,15.6752,272.5,2.8,ML
2022-06-06 17:20:46.600,39.135,15.4128,263.8,2.5,ML
2022-06-08 00:17:37.760,38.4282,15.1355,163.4,2.5,ML
2022-06-12 10:31:13.640,38.7822,15.6938,161.4,3.0,ML
2022-07-04 04:18:11.360,38.7803,14.7298,309.7,3.6,ML
2022-07-12 16:29:21.860,39.5865,15.6392,270.0,2.7,ML
2022-07-16 02:10:50.550,38.7457,15.2075,254.3,3.0,ML
2022-07-23 22:15:09.560,38.3983,15.4652,130.8,2.6,ML
2022-07-31 20:28:12.350,39.5532,15.5187,275.1,2.7,ML
2022-08-01 02:41:59.680,38.781,15.1472,253.6,2.7,ML
2022-08-05 15:53:26.660,38.7147,15.6922,167.7,2.6,ML
2022-08-12 16:39:21.340,38.593,15.4195,179.0,3.0,ML
2022-08-17 02:42:19.430,39.6183,15.7582,273.3,2.5,ML
2022-08-25 17:13:32.810,39.1782,15.5962,221.4,2.5,ML
2022-09-08 06:02:14.130,38.3307,15.4682,116.1,2.8,ML
2022-09-08 08:20:08.330,38.4497,15.5158,80.8,2.9,ML
2022-09-13 04:43:44.000,38.6752,14.0908,415.3,3.2,ML
2022-09-19 18:18:12.030,38.5688,15.6155,163.8,2.8,ML
2022-09-22 16:12:23.110,38.5037,14.8468,266.9,2.6,ML
2022-09-22 17:36:55.030,38.5752,15.0662,227.3,2.7,ML
2022-09-23 03:22:52.090,39.1742,15.5528,267.1,3.0,ML
2022-09-26 08:28:23.370,39.4758,15.4738,262.9,2.6,ML
2022-09-26 09:15:39.940,38.4312,15.3727,135.4,2.6,ML
2022-09-27 09:12:08.150,38.9178,15.5508,200.8,2.8,ML
2022-09-27 20:18:11.690,38.7518,15.6417,162.3,2.7,ML
2022-10-03 17:48:21.810,39.3887,15.6055,259.1,2.8,ML
2022-10-06 07:38:03.580,38.4787,15.5135,132.3,2.5,ML
2022-10-07 08:04:22.300,38.4552,14.8355,189.0,2.5,ML
2022-10-16 20:12:03.280,38.943,15.7417,186.8,2.8,ML
2022-10-31 21:42:48.960,39.8747,15.6865,287.1,5.4,Mw
2022-11-12 12:04:55.440,38.5508,15.103,209.7,2.5,ML
2022-11-25 13:35:35.830,38.6322,15.1008,258.2,2.6,ML
2022-11-27 06:16:34.570,39.0683,15.3782,277.1,3.4,ML
2022-11-28 04:37:24.820,39.7373,16.0138,260.1,3.0,ML
2022-11-28 18:42:49.510,38.9757,15.6857,196.3,3.1,ML
2022-12-04 00:40:56.440,38.7365,15.5677,198.7,2.6,ML
2022-12-04 07:50:43.500,38.4762,15.5413,138.1,2.9,ML
2022-12-05 05:49:13.100,38.9882,15.1143,282.2,3.0,ML
2022-12-07 08:36:59.580,38.6127,14.7207,286.2,3.1,ML
2022-12-19 20:27:00.460,38.7532,15.5962,160.6,2.5,ML
2022-12-20 03:09:18.330,38.4283,15.4378,133.5,2.5,ML
2023-01-03 07:29:29.580,38.8272,14.8407,311.3,2.9,ML
2023-01-13 13:17:30.280,40.1438,15.2178,321.6,3.0,ML
2023-01-18 18:04:27.500,38.3052,15.0148,144.3,2.8,ML
2023-01-22 02:43:23.580,38.3083,15.3875,116.2,2.7,ML
2023-01-23 02:19:33.770,38.5432,14.905,230.4,2.7,ML
2023-01-24 18:41:46.640,39.2188,15.3188,279.5,3.0,ML
2023-01-30 16:12:54.620,39.4307,15.3328,316.3,3.2,ML
2023-02-04 20:09:39.950,39.3415,15.5537,218.6,2.6,ML
2023-02-06 10:07:18.570,38.4993,15.4415,173.2,2.7,ML
2023-02-06 20:02:21.280,38.9498,15.3102,283.6,2.6,ML
2023-02-11 04:42:12.460,38.6448,14.6372,305.9,3.0,ML
2023-02-20 01:31:04.980,39.9747,15.6737,291.2,2.9,ML
2023-02-23 23:38:37.630,38.4708,15.4965,133.6,2.5,ML
2023-02-27 21:50:05.530,39.6768,13.9218,437.2,4.3,ML
2023-03-04 16:37:55.700,38.3528,15.4052,118.2,2.6,ML
2023-03-08 18:30:43.040,38.7232,14.6782,295.0,3.9,ML
2023-03-09 00:24:09.260,39.4292,15.4883,265.7,2.5,ML
2023-03-09 19:10:08.100,38.2525,14.8077,119.9,2.5,ML
2023-03-11 10:58:18.490,39.6833,16.0453,82.0,3.8,ML
2023-03-22 00:46:25.320,38.5347,14.7558,253.6,2.6,ML
2023-03-31 18:59:40.120,38.7723,15.7057,159.9,3.0,ML
2023-04-14 00:05:45.870,39.4035,15.5232,235.3,2.6,ML
2023-04-27 11:30:03.310,38.2122,14.8505,121.9,2.7,ML
2023-04-29 18:55:07.920,38.7508,15.6502,163.4,2.5,ML
2023-05-01 02:41:24.290,39.3562,15.6747,268.9,5.2,Mw
2023-05-03 02:53:56.040,38.8418,15.3177,279.5,3.0,ML
2023-05-04 02:02:16.940,38.7142,14.9832,264.5,2.8,ML
2023-05-08 20:39:50.880,38.3582,15.4,119.3,2.5,ML
2023-05-18 14:35:06.690,38.708,15.2153,264.6,2.8,ML
2023-05-27 08:18:55.730,39.2242,15.421,257.5,2.6,ML
2023-05-29 00:01:30.780,38.7535,15.4647,192.3,2.8,ML
2023-06-04 20:06:47.610,38.3982,15.4373,138.5,2.6,ML
2023-06-17 19:22:00.210,38.5463,15.3702,192.0,2.7,ML
2023-06-22 16:50:44.670,39.3553,15.1995,313.2,3.6,ML
2023-06-26 15:39:55.320,38.1962,14.8478,123.0,2.5,ML
2023-07-04 00:00:19.770,38.7667,14.1352,438.0,3.4,ML
2023-07-04 19:56:27.180,39.373,15.6353,259.7,3.3,ML
2023-07-17 05:35:57.840,39.6737,15.789,269.9,3.1,ML
2023-07-20 13:43:02.330,39.574,13.8047,474.9,2.9,ML
2023-07-24 03:01:12.650,39.2407,15.7848,255.8,3.1,ML
2023-07-27 20:07:30.400,38.5973,15.5148,168.4,3.6,ML
2023-07-31 19:09:23.850,38.6492,15.5968,163.3,2.9,ML
2023-08-02 06:33:39.900,38.7587,15.6552,162.4,2.5,ML
2023-08-03 07:20:54.170,39.9228,15.7458,270.6,2.7,ML
2023-08-16 07:33:02.670,38.3538,15.3908,121.3,2.5,ML
2023-08-16 12:24:22.280,39.4627,15.6383,262.5,2.7,ML
2023-08-23 15:44:51.510,39.1673,15.6432,235.4,3.0,ML
2023-08-26 19:53:20.860,38.4407,15.4893,152.4,3.1,ML
2023-08-30 23:43:10.920,39.2948,15.6613,254.8,2.5,ML
2023-08-31 04:23:47.230,39.5458,15.647,274.1,2.7,ML
2023-09-01 02:52:42.310,38.7393,14.6275,317.1,3.4,ML
2023-09-17 10:35:41.670,38.7357,15.6873,163.4,2.7,ML
2023-09-18 08:40:49.480,38.9237,15.2658,278.9,3.0,ML
2023-09-19 20:45:09.000,38.1123,15.4092,71.2,3.3,ML
2023-09-22 16:08:00.230,38.992,15.3557,246.5,2.6,ML
2023-09-23 01:05:01.710,38.9608,15.6385,188.5,2.5,ML
2023-09-27 22:49:05.420,39.5292,14.352,455.5,3.2,ML
2023-10-09 01:37:29.570,39.0938,15.4547,261.5,2.9,ML
2023-10-11 22:10:14.940,38.681,14.8688,274.7,2.9,ML
2023-10-14 06:50:33.420,38.4893,15.4818,157.5,2.9,ML
2023-10-24 07:58:40.580,38.5035,15.4072,181.8,2.8,ML
2023-10-26 22:22:44.440,40.5065,13.8767,457.8,4.3,ML
2023-10-27 02:36:55.060,38.3607,15.1668,163.4,3.7,ML
2023-11-06 07:44:26.880,38.3798,15.328,174.5,2.5,ML
2023-11-14 22:43:39.550,38.8403,14.4797,361.5,3.4,ML
2023-11-17 02:23:34.220,39.8398,15.3933,291.7,3.0,ML
2023-11-20 06:46:22.210,39.671,13.7643,440.1,4.6,ML
2023-12-05 07:17:55.700,38.7637,15.638,159.6,2.5,ML
2023-12-13 13:06:03.020,38.3543,15.4077,119.8,2.6,ML
2023-12-15 16:11:28.780,39.0267,15.4208,271.8,2.9,ML
2023-12-17 03:08:06.410,38.5903,14.6643,260.6,3.3,ML
2023-12-28 03:51:19.420,38.5893,15.0142,242.7,2.5,ML
2024-01-06 04:23:13.610,38.5908,15.5192,170.0,3.3,ML
2024-01-12 22:16:12.620,38.3692,15.2557,153.1,2.6,ML
2024-01-14 06:32:59.050,38.3945,15.4792,129.7,2.7,ML
2024-01-16 01:47:25.190,38.92,15.3048,280.2,3.0,ML
2024-01-16 21:27:46.920,38.6303,14.9013,267.7,2.6,ML
2024-01-25 08:36:03.140,38.3762,15.5013,131.8,2.5,ML
2024-01-26 15:00:23.410,39.2495,15.4093,285.1,4.1,ML
2024-01-27 00:49:14.100,38.215,14.8263,150.1,3.2,ML
2024-02-04 02:57:42.340,38.4162,15.316,167.9,3.2,ML
2024-02-04 20:23:42.510,38.3383,15.4273,119.1,2.7,ML
2024-02-12 21:53:03.850,38.5638,15.3387,220.5,2.6,ML
2024-02-26 15:38:02.730,38.2877,15.2072,118.9,2.5,ML
2024-02-28 05:22:42.410,38.3733,15.3952,115.3,2.6,ML
2024-03-01 05:52:36.230,39.7328,15.6153,283.1,3.9,ML
2024-03-07 04:48:12.650,39.5153,15.612,240.8,2.5,ML
2024-03-12 04:37:29.090,38.6172,15.037,233.9,4.4,ML
2024-03-12 09:37:24.560,38.7167,14.6222,308.4,3.7,ML
2024-03-13 10:33:18.250,38.9793,15.6698,209.3,3.1,ML
2024-03-16 00:18:52.380,38.3012,14.7865,167.6,2.9,ML
2024-03-21 08:37:05.340,38.6462,14.9542,265.1,3.0,ML
2024-04-02 23:17:16.210,38.9522,15.4252,249.6,2.5,ML
2024-04-11 17:46:30.300,38.9352,15.5148,229.5,2.8,ML
2024-04-12 10:40:28.840,38.4912,15.258,204.7,2.5,ML
2024-04-18 06:33:15.440,38.369,15.3993,120.6,2.5,ML
2024-04-21 08:57:45.750,38.8792,15.5238,183.0,2.6,ML
2024-04-28 18:35:22.390,40.0635,15.2182,318.7,2.8,ML
2024-05-06 04:27:53.810,39.0462,15.2995,275.2,3.5,ML
2024-05-13 22:34:56.470,38.8773,15.2107,284.4,3.1,ML
2024-05-17 10:33:03.820,39.1492,14.7977,359.5,3.4,ML
2024-05-22 07:46:26.250,38.7982,14.7202,293.8,3.5,ML
2024-05-30 18:30:44.330,39.5077,15.5887,277.0,2.7,ML
2024-05-31 07:00:47.840,38.4608,15.4492,120.8,2.5,ML
2024-06-11 07:13:13.370,38.5742,15.2722,202.8,2.6,ML
2024-06-13 11:50:00.150,38.4658,15.3137,164.5,2.5,ML
2024-06-14 00:43:56.250,38.8025,15.0882,276.7,2.8,ML
2024-06-16 22:52:58.170,38.691,15.3463,189.0,2.7,ML
2024-06-26 07:05:02.250,38.716,15.3058,193.3,2.6,ML
2024-06-28 00:07:10.300,38.5768,14.8168,270.7,2.8,ML
2024-07-12 15:23:30.910,39.3478,15.4333,287.8,3.2,ML
2024-07-16 09:14:41.740,38.6842,15.4657,154.5,2.5,ML
2024-07-22 21:25:48.410,39.6333,15.2323,294.8,3.2,ML
2024-07-23 23:21:34.460,39.1127,15.4765,268.0,3.0,ML
2024-08-04 06:59:17.030,38.4175,15.2548,166.9,2.8,ML
2024-08-21 18:59:31.680,39.6495,15.4712,285.3,2.7,ML
2024-08-24 04:57:26.330,38.2213,15.8662,71.3,2.7,ML
2024-08-27 03:39:49.840,38.9597,15.2807,286.0,2.9,ML
2024-09-12 11:52:19.110,38.6428,15.3155,209.7,3.4,ML
2024-09-13 04:55:11.000,40.0223,16.2813,294.5,3.3,ML
2024-09-22 19:24:19.140,39.1755,15.5108,268.4,2.6,ML
2024-09-27 09:20:10.690,38.64,15.5787,83.2,2.7,ML
2024-10-04 10:46:46.280,38.5203,15.4293,119.2,2.5,ML
2024-10-20 09:00:15.290,39.2927,15.465,228.0,2.6,ML
2024-10-31 12:11:48.760,38.3188,14.954,127.7,2.9,ML
2024-11-11 07:26:12.560,39.7108,15.5512,262.1,2.9,ML
2024-11-13 01:49:57.900,38.4892,15.5242,132.7,2.5,ML
2024-11-15 08:05:45.970,39.7477,15.5958,278.2,3.8,ML
2024-11-16 19:19:40.670,38.2848,14.6688,223.0,2.9,ML
2024-11-20 14:38:48.000,38.5872,15.2397,241.6,2.9,ML
2024-11-26 00:32:37.040,38.4787,15.4987,129.5,2.5,ML
2024-11-26 11:25:44.040,38.7835,14.7225,321.6,2.6,ML
2024-12-05 05:49:18.680,38.5142,15.1642,171.3,2.9,ML
2024-12-06 14:19:59.370,38.4255,15.4192,129.2,2.7,ML
2024-12-08 11:34:38.440,38.3783,15.4858,125.8,2.7,ML
2024-12-12 22:59:23.470,38.612,15.3823,168.4,2.7,ML
2024-12-22 03:32:52.700,39.8823,15.4977,282.3,2.5,ML
2024-12-23 12:19:19.300,38.6152,15.357,207.7,4.0,ML
2025-01-10 13:37:04.850,38.6757,15.3272,137.9,2.6,ML
2025-01-12 05:12:44.070,39.0732,15.5967,93.0,2.6,ML
2025-01-15 18:17:13.430,38.481,15.4997,133.4,2.5,ML
2025-01-22 21:01:41.320,39.9415,15.1957,294.8,2.8,ML
2025-01-30 00:47:58.130,39.3343,15.4552,259.9,3.2,ML
2025-02-03 18:22:14.150,38.3495,14.8328,124.8,2.6,ML
2025-02-03 22:46:33.840,38.8898,15.4653,184.6,2.5,ML
2025-02-04 17:51:54.760,40.4745,15.1592,326.4,3.6,ML
2025-02-06 13:42:34.590,39.3857,15.469,284.3,3.6,ML
2025-02-20 22:01:38.690,38.4072,15.3097,132.3,2.5,ML
2025-02-24 08:58:46.660,39.3415,15.5333,257.5,2.7,ML
2025-02-25 03:12:09.330,38.3585,15.381,117.0,2.6,ML
2025-02-26 18:11:21.330,38.5568,15.465,184.0,4.4,Mw
2025-02-27 19:10:46.140,39.0403,15.1607,293.8,3.0,ML
2025-03-02 00:55:34.570,38.4863,15.5137,129.7,2.9,ML
2025-03-04 03:16:21.170,39.3858,15.596,231.1,2.5,ML
2025-03-08 19:26:32.510,38.4458,15.4153,132.5,2.6,ML
2025-03-20 21:20:47.920,39.0217,15.3307,283.1,2.7,ML
2025-03-21 08:04:37.470,38.4802,15.5088,131.9,2.6,ML
2025-03-28 16:20:53.160,38.3873,15.2978,174.0,2.9,ML
2025-04-02 19:31:31.620,38.4425,15.4518,128.3,2.7,ML
2025-04-06 19:12:16.200,38.85,14.9632,328.6,3.0,ML
2025-04-07 10:27:32.510,38.3753,15.4482,116.6,2.5,ML
2025-04-08 02:29:56.820,38.5452,15.5875,174.9,3.1,ML
2025-04-11 21:36:00.500,40.0513,15.5643,270.4,3.1,ML
2025-04-28 19:39:39.800,38.5093,15.4492,169.2,3.6,ML
2025-05-10 02:21:36.690,39.2157,15.4508,334.6,2.7,ML
2025-05-11 16:04:11.530,39.1052,15.3757,261.7,2.6,ML
2025-05-25 12:09:39.870,38.5878,15.6098,96.4,2.7,ML
2025-06-10 03:10:47.710,39.2007,15.4697,289.0,3.5,ML
2025-07-02 14:15:01.310,38.9445,15.7258,179.5,2.7,ML
2025-07-05 23:33:29.730,39.4715,15.7503,252.9,2.8,ML
2025-07-13 09:13:09.580,38.3143,15.2222,117.7,2.7,ML
2025-07-14 20:53:13.710,38.5335,15.3913,147.8,2.5,ML
2025-07-21 02:03:45.710,39.6482,15.7293,269.5,2.7,ML
2025-07-25 20:31:08.320,38.5127,15.3958,193.3,2.7,ML
2025-07-28 02:36:42.320,38.6908,15.1683,248.0,3.3,ML
2025-08-05 18:34:45.000,39.4613,15.598,231.7,3.1,ML
2025-08-08 06:17:39.950,38.8117,15.4332,156.0,3.0,ML
2025-08-18 13:33:41.280,38.861,15.7498,168.0,2.6,ML
2025-08-23 11:53:28.240,39.2642,15.5658,263.0,3.5,ML
2025-08-26 11:30:22.810,38.7915,15.6457,172.3,2.7,ML
2025-08-27 14:54:46.800,38.8477,15.2048,284.5,2.9,ML
2025-08-31 15:26:52.070,38.401,15.4225,117.1,2.6,ML
2025-09-03 17:45:09.830,39.864,15.5492,277.3,2.6,ML
2025-09-13 13:55:29.720,39.5543,15.025,284.6,2.9,ML
2025-09-21 19:37:47.570,39.1743,15.2417,274.7,2.6,ML
2025-09-22 12:03:28.410,38.5607,15.5425,128.3,2.6,ML
2025-09-24 15:06:22.430,38.2692,14.8285,129.2,3.0,ML
2025-10-06 20:55:52.820,39.2147,15.3245,238.1,3.2,ML
2025-10-07 03:24:10.210,38.2422,15.2318,147.3,2.7,ML
2025-10-13 09:48:46.260,38.2932,15.1853,115.3,2.7,ML
2025-10-26 20:21:04.920,38.6378,15.1298,246.3,2.9,ML
2025-10-27 22:55:46.040,38.4772,15.5043,134.5,2.9,ML
2025-11-02 12:56:59.490,38.9722,15.5293,225.2,3.0,ML
2025-11-08 17:13:31.370,39.1573,15.3977,260.6,2.7,ML
2025-11-11 02:19:24.120,38.6463,15.3203,196.6,2.5,ML
2025-11-16 13:30:35.720,39.4012,15.7433,273.0,2.8,ML
2025-11-18 12:35:57.840,40.8182,14.0032,449.8,3.6,ML
